year,key,ic,subject,url
2017,vfz2017,05402450,clenove,https://zpravy.udhpsh.cz/export/vfz2017-oda-clenove.json
2017,vfz2017,04627695,clenove,https://zpravy.udhpsh.cz/export/vfz2017-agrarni-clenove.json
2017,vfz2017,71443339,clenove,https://zpravy.udhpsh.cz/export/vfz2017-ano-clenove.json
2017,vfz2017,71443274,clenove,https://zpravy.udhpsh.cz/export/vfz2017-aliancens-clenove.json
2017,vfz2017,27038050,clenove,https://zpravy.udhpsh.cz/export/vfz2017-ao-clenove.json
2017,vfz2017,05989175,clenove,https://zpravy.udhpsh.cz/export/vfz2017-referendumeu-clenove.json
2017,vfz2017,06048099,clenove,https://zpravy.udhpsh.cz/export/vfz2017-bos-clenove.json
2017,vfz2017,26587840,clenove,https://zpravy.udhpsh.cz/export/vfz2017-balbinova-clenove.json
2017,vfz2017,05754577,clenove,https://zpravy.udhpsh.cz/export/vfz2017-cesta-clenove.json
2017,vfz2017,71443428,clenove,https://zpravy.udhpsh.cz/export/vfz2017-cesi-clenove.json
2017,vfz2017,03094553,clenove,https://zpravy.udhpsh.cz/export/vfz2017-cunl-clenove.json
2017,vfz2017,04690753,clenove,https://zpravy.udhpsh.cz/export/vfz2017-cnf-clenove.json
2017,vfz2017,00442721,clenove,https://zpravy.udhpsh.cz/export/vfz2017-csns-clenove.json
2017,vfz2017,27015904,clenove,https://zpravy.udhpsh.cz/export/vfz2017-csns2005-clenove.json
2017,vfz2017,71443207,clenove,https://zpravy.udhpsh.cz/export/vfz2017-csr-clenove.json
2017,vfz2017,71339442,clenove,https://zpravy.udhpsh.cz/export/vfz2017-doktori-clenove.json
2017,vfz2017,26650797,clenove,https://zpravy.udhpsh.cz/export/vfz2017-dsss-clenove.json
2017,vfz2017,05391628,clenove,https://zpravy.udhpsh.cz/export/vfz2017-evolutionmind-clenove.json
2017,vfz2017,03168786,clenove,https://zpravy.udhpsh.cz/export/vfz2017-fram-clenove.json
2017,vfz2017,06576095,clenove,https://zpravy.udhpsh.cz/export/vfz2017-havirovsky-clenove.json
2017,vfz2017,03204723,clenove,https://zpravy.udhpsh.cz/export/vfz2017-hdk-clenove.json
2017,vfz2017,71443479,clenove,https://zpravy.udhpsh.cz/export/vfz2017-fairplay-clenove.json
2017,vfz2017,71443185,clenove,https://zpravy.udhpsh.cz/export/vfz2017-hopb-clenove.json
2017,vfz2017,02985349,clenove,https://zpravy.udhpsh.cz/export/vfz2017-hradecti-clenove.json
2017,vfz2017,68321457,clenove,https://zpravy.udhpsh.cz/export/vfz2017-hph-clenove.json
2017,vfz2017,03174531,clenove,https://zpravy.udhpsh.cz/export/vfz2017-hpk-clenove.json
2017,vfz2017,27039145,clenove,https://zpravy.udhpsh.cz/export/vfz2017-hpp11-clenove.json
2017,vfz2017,03206211,clenove,https://zpravy.udhpsh.cz/export/vfz2017-kozy-clenove.json
2017,vfz2017,05164966,clenove,https://zpravy.udhpsh.cz/export/vfz2017-jhas-clenove.json
2017,vfz2017,71443312,clenove,https://zpravy.udhpsh.cz/export/vfz2017-ji12-clenove.json
2017,vfz2017,02733552,clenove,https://zpravy.udhpsh.cz/export/vfz2017-jmnd-clenove.json
2017,vfz2017,04889321,clenove,https://zpravy.udhpsh.cz/export/vfz2017-jsmepro-clenove.json
2017,vfz2017,71339965,clenove,https://zpravy.udhpsh.cz/export/vfz2017-jundrovaci-clenove.json
2017,vfz2017,00539996,clenove,https://zpravy.udhpsh.cz/export/vfz2017-kan-clenove.json
2017,vfz2017,00442704,clenove,https://zpravy.udhpsh.cz/export/vfz2017-kducsl-clenove.json
2017,vfz2017,27034321,clenove,https://zpravy.udhpsh.cz/export/vfz2017-koa-clenove.json
2017,vfz2017,70226709,clenove,https://zpravy.udhpsh.cz/export/vfz2017-chnj-clenove.json
2017,vfz2017,26592118,clenove,https://zpravy.udhpsh.cz/export/vfz2017-ssuk-clenove.json
2017,vfz2017,15271960,clenove,https://zpravy.udhpsh.cz/export/vfz2017-kons-clenove.json
2017,vfz2017,71339973,clenove,https://zpravy.udhpsh.cz/export/vfz2017-kpp-clenove.json
2017,vfz2017,00496936,clenove,https://zpravy.udhpsh.cz/export/vfz2017-kscm-clenove.json
2017,vfz2017,03152952,clenove,https://zpravy.udhpsh.cz/export/vfz2017-karlovaraci-clenove.json
2017,vfz2017,71443606,clenove,https://zpravy.udhpsh.cz/export/vfz2017-les-clenove.json
2017,vfz2017,68455941,clenove,https://zpravy.udhpsh.cz/export/vfz2017-hnhrm-clenove.json
2017,vfz2017,26598647,clenove,https://zpravy.udhpsh.cz/export/vfz2017-mestolidem-clenove.json
2017,vfz2017,03254747,clenove,https://zpravy.udhpsh.cz/export/vfz2017-modes-clenove.json
2017,vfz2017,44266740,clenove,https://zpravy.udhpsh.cz/export/vfz2017-korunaceska-clenove.json
2017,vfz2017,60556625,clenove,https://zpravy.udhpsh.cz/export/vfz2017-moravane-clenove.json
2017,vfz2017,71443452,clenove,https://zpravy.udhpsh.cz/export/vfz2017-nbplk-clenove.json
2017,vfz2017,00409421,clenove,https://zpravy.udhpsh.cz/export/vfz2017-ne-clenove.json
2017,vfz2017,60458399,clenove,https://zpravy.udhpsh.cz/export/vfz2017-nez-clenove.json
2017,vfz2017,71339779,clenove,https://zpravy.udhpsh.cz/export/vfz2017-novyimpuls-clenove.json
2017,vfz2017,27034500,clenove,https://zpravy.udhpsh.cz/export/vfz2017-nestranici-clenove.json
2017,vfz2017,03219208,clenove,https://zpravy.udhpsh.cz/export/vfz2017-jsns-clenove.json
2017,vfz2017,71443584,clenove,https://zpravy.udhpsh.cz/export/vfz2017-novysmer-clenove.json
2017,vfz2017,03174697,clenove,https://zpravy.udhpsh.cz/export/vfz2017-npp10-clenove.json
2017,vfz2017,03016242,clenove,https://zpravy.udhpsh.cz/export/vfz2017-novysever-clenove.json
2017,vfz2017,05266009,clenove,https://zpravy.udhpsh.cz/export/vfz2017-nsk-clenove.json
2017,vfz2017,71340017,clenove,https://zpravy.udhpsh.cz/export/vfz2017-ocjj-clenove.json
2017,vfz2017,71443533,clenove,https://zpravy.udhpsh.cz/export/vfz2017-obcanecr-clenove.json
2017,vfz2017,16192656,clenove,https://zpravy.udhpsh.cz/export/vfz2017-ods-clenove.json
2017,vfz2017,03099598,clenove,https://zpravy.udhpsh.cz/export/vfz2017-opat-clenove.json
2017,vfz2017,71443517,clenove,https://zpravy.udhpsh.cz/export/vfz2017-sounalezitost-clenove.json
2017,vfz2017,06118658,clenove,https://zpravy.udhpsh.cz/export/vfz2017-osb-clenove.json
2017,vfz2017,03221083,clenove,https://zpravy.udhpsh.cz/export/vfz2017-osn-clenove.json
2017,vfz2017,71443215,clenove,https://zpravy.udhpsh.cz/export/vfz2017-ostravak-clenove.json
2017,vfz2017,71443410,clenove,https://zpravy.udhpsh.cz/export/vfz2017-patrioti-clenove.json
2017,vfz2017,71443681,clenove,https://zpravy.udhpsh.cz/export/vfz2017-patrioticr-clenove.json
2017,vfz2017,03080935,clenove,https://zpravy.udhpsh.cz/export/vfz2017-vitkovice-clenove.json
2017,vfz2017,71339698,clenove,https://zpravy.udhpsh.cz/export/vfz2017-pirati-clenove.json
2017,vfz2017,03170624,clenove,https://zpravy.udhpsh.cz/export/vfz2017-podpora-clenove.json
2017,vfz2017,71443550,clenove,https://zpravy.udhpsh.cz/export/vfz2017-ppl-clenove.json
2017,vfz2017,06070108,clenove,https://zpravy.udhpsh.cz/export/vfz2017-5proc-clenove.json
2017,vfz2017,02885573,clenove,https://zpravy.udhpsh.cz/export/vfz2017-opl-clenove.json
2017,vfz2017,71443509,clenove,https://zpravy.udhpsh.cz/export/vfz2017-prozs-clenove.json
2017,vfz2017,04756339,clenove,https://zpravy.udhpsh.cz/export/vfz2017-prouk-clenove.json
2017,vfz2017,05177111,clenove,https://zpravy.udhpsh.cz/export/vfz2017-pro2016-clenove.json
2017,vfz2017,03204669,clenove,https://zpravy.udhpsh.cz/export/vfz2017-prool-clenove.json
2017,vfz2017,71339809,clenove,https://zpravy.udhpsh.cz/export/vfz2017-protrebic-clenove.json
2017,vfz2017,27038131,clenove,https://zpravy.udhpsh.cz/export/vfz2017-semilaci-clenove.json
2017,vfz2017,03091805,clenove,https://zpravy.udhpsh.cz/export/vfz2017-pevecko-clenove.json
2017,vfz2017,68782888,clenove,https://zpravy.udhpsh.cz/export/vfz2017-pvp-clenove.json
2017,vfz2017,03254763,clenove,https://zpravy.udhpsh.cz/export/vfz2017-prozmenu-clenove.json
2017,vfz2017,06339875,clenove,https://zpravy.udhpsh.cz/export/vfz2017-rc-clenove.json
2017,vfz2017,71443380,clenove,https://zpravy.udhpsh.cz/export/vfz2017-s2012-clenove.json
2017,vfz2017,26595940,clenove,https://zpravy.udhpsh.cz/export/vfz2017-sdsn-clenove.json
2017,vfz2017,27026922,clenove,https://zpravy.udhpsh.cz/export/vfz2017-sedma-clenove.json
2017,vfz2017,71339485,clenove,https://zpravy.udhpsh.cz/export/vfz2017-slk-clenove.json
2017,vfz2017,70869553,clenove,https://zpravy.udhpsh.cz/export/vfz2017-snked-clenove.json
2017,vfz2017,05081068,clenove,https://zpravy.udhpsh.cz/export/vfz2017-snk1-clenove.json
2017,vfz2017,00409171,clenove,https://zpravy.udhpsh.cz/export/vfz2017-cssd-clenove.json
2017,vfz2017,03116603,clenove,https://zpravy.udhpsh.cz/export/vfz2017-sol-clenove.json
2017,vfz2017,71339655,clenove,https://zpravy.udhpsh.cz/export/vfz2017-soukromnici-clenove.json
2017,vfz2017,04134940,clenove,https://zpravy.udhpsh.cz/export/vfz2017-spd-clenove.json
2017,vfz2017,03217116,clenove,https://zpravy.udhpsh.cz/export/vfz2017-spdv-clenove.json
2017,vfz2017,03221199,clenove,https://zpravy.udhpsh.cz/export/vfz2017-spolehnuti-clenove.json
2017,vfz2017,71339752,clenove,https://zpravy.udhpsh.cz/export/vfz2017-spo-clenove.json
2017,vfz2017,26673908,clenove,https://zpravy.udhpsh.cz/export/vfz2017-stan-clenove.json
2017,vfz2017,71443444,clenove,https://zpravy.udhpsh.cz/export/vfz2017-sto-clenove.json
2017,vfz2017,71339612,clenove,https://zpravy.udhpsh.cz/export/vfz2017-svobodni-clenove.json
2017,vfz2017,03251501,clenove,https://zpravy.udhpsh.cz/export/vfz2017-duchcov-clenove.json
2017,vfz2017,26582406,clenove,https://zpravy.udhpsh.cz/export/vfz2017-t2020-clenove.json
2017,vfz2017,03143848,clenove,https://zpravy.udhpsh.cz/export/vfz2017-tnt-clenove.json
2017,vfz2017,71339728,clenove,https://zpravy.udhpsh.cz/export/vfz2017-top09-clenove.json
2017,vfz2017,02749947,clenove,https://zpravy.udhpsh.cz/export/vfz2017-toryove-clenove.json
2017,vfz2017,02790840,clenove,https://zpravy.udhpsh.cz/export/vfz2017-ufo-clenove.json
2017,vfz2017,06335233,clenove,https://zpravy.udhpsh.cz/export/vfz2017-havel-clenove.json
2017,vfz2017,68954263,clenove,https://zpravy.udhpsh.cz/export/vfz2017-usz-clenove.json
2017,vfz2017,71339892,clenove,https://zpravy.udhpsh.cz/export/vfz2017-volimorlovou-clenove.json
2017,vfz2017,71339817,clenove,https://zpravy.udhpsh.cz/export/vfz2017-vpk-clenove.json
2017,vfz2017,68210396,clenove,https://zpravy.udhpsh.cz/export/vfz2017-vpm-clenove.json
2017,vfz2017,27040097,clenove,https://zpravy.udhpsh.cz/export/vfz2017-vpmb-clenove.json
2017,vfz2017,03247686,clenove,https://zpravy.udhpsh.cz/export/vfz2017-vvd-clenove.json
2017,vfz2017,71443614,clenove,https://zpravy.udhpsh.cz/export/vfz2017-zlin21-clenove.json
2017,vfz2017,00409740,clenove,https://zpravy.udhpsh.cz/export/vfz2017-zeleni-clenove.json
2017,vfz2017,71443363,clenove,https://zpravy.udhpsh.cz/export/vfz2017-zmena-clenove.json
2017,vfz2017,04756291,clenove,https://zpravy.udhpsh.cz/export/vfz2017-zpl-clenove.json
2017,vfz2017,71443401,clenove,https://zpravy.udhpsh.cz/export/vfz2017-zvuk12-clenove.json
2017,vfz2017,71339850,clenove,https://zpravy.udhpsh.cz/export/vfz2017-zenybrod-clenove.json
2017,vfz2017,03136922,clenove,https://zpravy.udhpsh.cz/export/vfz2017-zitbrno-clenove.json
2018,vfz2018,05402450,clenove,https://zpravy.udhpsh.cz/export/vfz2018-oda-clenove.json
2018,vfz2018,04627695,clenove,https://zpravy.udhpsh.cz/export/vfz2018-agrarni-clenove.json
2018,vfz2018,71443339,clenove,https://zpravy.udhpsh.cz/export/vfz2018-ano-clenove.json
2018,vfz2018,71443274,clenove,https://zpravy.udhpsh.cz/export/vfz2018-aliancens-clenove.json
2018,vfz2018,05989175,clenove,https://zpravy.udhpsh.cz/export/vfz2018-referendumeu-clenove.json
2018,vfz2018,06048099,clenove,https://zpravy.udhpsh.cz/export/vfz2018-bos-clenove.json
2018,vfz2018,26587840,clenove,https://zpravy.udhpsh.cz/export/vfz2018-balbinova-clenove.json
2018,vfz2018,07204752,clenove,https://zpravy.udhpsh.cz/export/vfz2018-brnoplus-clenove.json
2018,vfz2018,05754577,clenove,https://zpravy.udhpsh.cz/export/vfz2018-cesta-clenove.json
2018,vfz2018,71443428,clenove,https://zpravy.udhpsh.cz/export/vfz2018-cesi-clenove.json
2018,vfz2018,03094553,clenove,https://zpravy.udhpsh.cz/export/vfz2018-cunl-clenove.json
2018,vfz2018,71443207,clenove,https://zpravy.udhpsh.cz/export/vfz2018-csr-clenove.json
2018,vfz2018,05391628,clenove,https://zpravy.udhpsh.cz/export/vfz2018-evolutionmind-clenove.json
2018,vfz2018,03168786,clenove,https://zpravy.udhpsh.cz/export/vfz2018-fram-clenove.json
2018,vfz2018,03204723,clenove,https://zpravy.udhpsh.cz/export/vfz2018-hdk-clenove.json
2018,vfz2018,71443479,clenove,https://zpravy.udhpsh.cz/export/vfz2018-fairplay-clenove.json
2018,vfz2018,71443185,clenove,https://zpravy.udhpsh.cz/export/vfz2018-hopb-clenove.json
2018,vfz2018,68321457,clenove,https://zpravy.udhpsh.cz/export/vfz2018-hph-clenove.json
2018,vfz2018,27039145,clenove,https://zpravy.udhpsh.cz/export/vfz2018-hpp11-clenove.json
2018,vfz2018,26600218,clenove,https://zpravy.udhpsh.cz/export/vfz2018-j21s-clenove.json
2018,vfz2018,05164966,clenove,https://zpravy.udhpsh.cz/export/vfz2018-jhas-clenove.json
2018,vfz2018,71443312,clenove,https://zpravy.udhpsh.cz/export/vfz2018-ji12-clenove.json
2018,vfz2018,02733552,clenove,https://zpravy.udhpsh.cz/export/vfz2018-jmnd-clenove.json
2018,vfz2018,04889321,clenove,https://zpravy.udhpsh.cz/export/vfz2018-jsmepro-clenove.json
2018,vfz2018,00442704,clenove,https://zpravy.udhpsh.cz/export/vfz2018-kducsl-clenove.json
2018,vfz2018,27034321,clenove,https://zpravy.udhpsh.cz/export/vfz2018-koa-clenove.json
2018,vfz2018,70226709,clenove,https://zpravy.udhpsh.cz/export/vfz2018-chnj-clenove.json
2018,vfz2018,15271960,clenove,https://zpravy.udhpsh.cz/export/vfz2018-kons-clenove.json
2018,vfz2018,71339973,clenove,https://zpravy.udhpsh.cz/export/vfz2018-kpp-clenove.json
2018,vfz2018,00496936,clenove,https://zpravy.udhpsh.cz/export/vfz2018-kscm-clenove.json
2018,vfz2018,03152952,clenove,https://zpravy.udhpsh.cz/export/vfz2018-karlovaraci-clenove.json
2018,vfz2018,71339582,clenove,https://zpravy.udhpsh.cz/export/vfz2018-lap-clenove.json
2018,vfz2018,71443606,clenove,https://zpravy.udhpsh.cz/export/vfz2018-les-clenove.json
2018,vfz2018,07157029,clenove,https://zpravy.udhpsh.cz/export/vfz2018-mhs-clenove.json
2018,vfz2018,26598647,clenove,https://zpravy.udhpsh.cz/export/vfz2018-mestolidem-clenove.json
2018,vfz2018,03254747,clenove,https://zpravy.udhpsh.cz/export/vfz2018-modes-clenove.json
2018,vfz2018,44266740,clenove,https://zpravy.udhpsh.cz/export/vfz2018-korunaceska-clenove.json
2018,vfz2018,60556625,clenove,https://zpravy.udhpsh.cz/export/vfz2018-moravane-clenove.json
2018,vfz2018,07027761,clenove,https://zpravy.udhpsh.cz/export/vfz2018-mzh-clenove.json
2018,vfz2018,07286210,clenove,https://zpravy.udhpsh.cz/export/vfz2018-nn14-clenove.json
2018,vfz2018,71443291,clenove,https://zpravy.udhpsh.cz/export/vfz2018-narsoc-clenove.json
2018,vfz2018,07312946,clenove,https://zpravy.udhpsh.cz/export/vfz2018-naseobec-clenove.json
2018,vfz2018,71443452,clenove,https://zpravy.udhpsh.cz/export/vfz2018-nbplk-clenove.json
2018,vfz2018,60458399,clenove,https://zpravy.udhpsh.cz/export/vfz2018-nez-clenove.json
2018,vfz2018,71339779,clenove,https://zpravy.udhpsh.cz/export/vfz2018-novyimpuls-clenove.json
2018,vfz2018,27034500,clenove,https://zpravy.udhpsh.cz/export/vfz2018-nestranici-clenove.json
2018,vfz2018,71443649,clenove,https://zpravy.udhpsh.cz/export/vfz2018-nmfm-clenove.json
2018,vfz2018,27053024,clenove,https://zpravy.udhpsh.cz/export/vfz2018-nespokojeni-clenove.json
2018,vfz2018,71443584,clenove,https://zpravy.udhpsh.cz/export/vfz2018-novysmer-clenove.json
2018,vfz2018,03174697,clenove,https://zpravy.udhpsh.cz/export/vfz2018-npp10-clenove.json
2018,vfz2018,03016242,clenove,https://zpravy.udhpsh.cz/export/vfz2018-novysever-clenove.json
2018,vfz2018,26668980,clenove,https://zpravy.udhpsh.cz/export/vfz2018-nezavislavolba-clenove.json
2018,vfz2018,71340017,clenove,https://zpravy.udhpsh.cz/export/vfz2018-ocjj-clenove.json
2018,vfz2018,71443533,clenove,https://zpravy.udhpsh.cz/export/vfz2018-obcanecr-clenove.json
2018,vfz2018,16192656,clenove,https://zpravy.udhpsh.cz/export/vfz2018-ods-clenove.json
2018,vfz2018,06860176,clenove,https://zpravy.udhpsh.cz/export/vfz2018-omco-clenove.json
2018,vfz2018,03099598,clenove,https://zpravy.udhpsh.cz/export/vfz2018-opat-clenove.json
2018,vfz2018,71443517,clenove,https://zpravy.udhpsh.cz/export/vfz2018-sounalezitost-clenove.json
2018,vfz2018,03221083,clenove,https://zpravy.udhpsh.cz/export/vfz2018-osn-clenove.json
2018,vfz2018,71443215,clenove,https://zpravy.udhpsh.cz/export/vfz2018-ostravak-clenove.json
2018,vfz2018,71443410,clenove,https://zpravy.udhpsh.cz/export/vfz2018-patrioti-clenove.json
2018,vfz2018,03080935,clenove,https://zpravy.udhpsh.cz/export/vfz2018-vitkovice-clenove.json
2018,vfz2018,71339698,clenove,https://zpravy.udhpsh.cz/export/vfz2018-pirati-clenove.json
2018,vfz2018,03170624,clenove,https://zpravy.udhpsh.cz/export/vfz2018-podpora-clenove.json
2018,vfz2018,71443550,clenove,https://zpravy.udhpsh.cz/export/vfz2018-ppl-clenove.json
2018,vfz2018,02885573,clenove,https://zpravy.udhpsh.cz/export/vfz2018-opl-clenove.json
2018,vfz2018,07283652,clenove,https://zpravy.udhpsh.cz/export/vfz2018-prokdynsko-clenove.json
2018,vfz2018,03204669,clenove,https://zpravy.udhpsh.cz/export/vfz2018-prool-clenove.json
2018,vfz2018,71339809,clenove,https://zpravy.udhpsh.cz/export/vfz2018-protrebic-clenove.json
2018,vfz2018,27038131,clenove,https://zpravy.udhpsh.cz/export/vfz2018-semilaci-clenove.json
2018,vfz2018,03091805,clenove,https://zpravy.udhpsh.cz/export/vfz2018-pevecko-clenove.json
2018,vfz2018,03254763,clenove,https://zpravy.udhpsh.cz/export/vfz2018-prozmenu-clenove.json
2018,vfz2018,06339875,clenove,https://zpravy.udhpsh.cz/export/vfz2018-rc-clenove.json
2018,vfz2018,05632595,clenove,https://zpravy.udhpsh.cz/export/vfz2018-real-clenove.json
2018,vfz2018,71443380,clenove,https://zpravy.udhpsh.cz/export/vfz2018-s2012-clenove.json
2018,vfz2018,26595940,clenove,https://zpravy.udhpsh.cz/export/vfz2018-sdsn-clenove.json
2018,vfz2018,27026922,clenove,https://zpravy.udhpsh.cz/export/vfz2018-sedma-clenove.json
2018,vfz2018,06695205,clenove,https://zpravy.udhpsh.cz/export/vfz2018-sen21-clenove.json
2018,vfz2018,71339485,clenove,https://zpravy.udhpsh.cz/export/vfz2018-slk-clenove.json
2018,vfz2018,70869553,clenove,https://zpravy.udhpsh.cz/export/vfz2018-snked-clenove.json
2018,vfz2018,05081068,clenove,https://zpravy.udhpsh.cz/export/vfz2018-snk1-clenove.json
2018,vfz2018,00409171,clenove,https://zpravy.udhpsh.cz/export/vfz2018-cssd-clenove.json
2018,vfz2018,03116603,clenove,https://zpravy.udhpsh.cz/export/vfz2018-sol-clenove.json
2018,vfz2018,03217116,clenove,https://zpravy.udhpsh.cz/export/vfz2018-spdv-clenove.json
2018,vfz2018,07118317,clenove,https://zpravy.udhpsh.cz/export/vfz2018-spol-clenove.json
2018,vfz2018,03221199,clenove,https://zpravy.udhpsh.cz/export/vfz2018-spolehnuti-clenove.json
2018,vfz2018,71339752,clenove,https://zpravy.udhpsh.cz/export/vfz2018-spo-clenove.json
2018,vfz2018,26673908,clenove,https://zpravy.udhpsh.cz/export/vfz2018-stan-clenove.json
2018,vfz2018,71443444,clenove,https://zpravy.udhpsh.cz/export/vfz2018-sto-clenove.json
2018,vfz2018,71340009,clenove,https://zpravy.udhpsh.cz/export/vfz2018-strakonicka-clenove.json
2018,vfz2018,71339612,clenove,https://zpravy.udhpsh.cz/export/vfz2018-svobodni-clenove.json
2018,vfz2018,03251501,clenove,https://zpravy.udhpsh.cz/export/vfz2018-duchcov-clenove.json
2018,vfz2018,26582406,clenove,https://zpravy.udhpsh.cz/export/vfz2018-t2020-clenove.json
2018,vfz2018,03143848,clenove,https://zpravy.udhpsh.cz/export/vfz2018-tnt-clenove.json
2018,vfz2018,71339728,clenove,https://zpravy.udhpsh.cz/export/vfz2018-top09-clenove.json
2018,vfz2018,02749947,clenove,https://zpravy.udhpsh.cz/export/vfz2018-toryove-clenove.json
2018,vfz2018,02790840,clenove,https://zpravy.udhpsh.cz/export/vfz2018-ufo-clenove.json
2018,vfz2018,06335233,clenove,https://zpravy.udhpsh.cz/export/vfz2018-havel-clenove.json
2018,vfz2018,68954263,clenove,https://zpravy.udhpsh.cz/export/vfz2018-usz-clenove.json
2018,vfz2018,71443355,clenove,https://zpravy.udhpsh.cz/export/vfz2018-vychodocesi-clenove.json
2018,vfz2018,07301600,clenove,https://zpravy.udhpsh.cz/export/vfz2018-vize-clenove.json
2018,vfz2018,64933911,clenove,https://zpravy.udhpsh.cz/export/vfz2018-cibulka-clenove.json
2018,vfz2018,71339817,clenove,https://zpravy.udhpsh.cz/export/vfz2018-vpk-clenove.json
2018,vfz2018,68210396,clenove,https://zpravy.udhpsh.cz/export/vfz2018-vpm-clenove.json
2018,vfz2018,27040097,clenove,https://zpravy.udhpsh.cz/export/vfz2018-vpmb-clenove.json
2018,vfz2018,03247686,clenove,https://zpravy.udhpsh.cz/export/vfz2018-vvd-clenove.json
2018,vfz2018,00409740,clenove,https://zpravy.udhpsh.cz/export/vfz2018-zeleni-clenove.json
2018,vfz2018,68684011,clenove,https://zpravy.udhpsh.cz/export/vfz2018-zhn-clenove.json
2018,vfz2018,71443363,clenove,https://zpravy.udhpsh.cz/export/vfz2018-zmena-clenove.json
2018,vfz2018,04756291,clenove,https://zpravy.udhpsh.cz/export/vfz2018-zpl-clenove.json
2018,vfz2018,71443401,clenove,https://zpravy.udhpsh.cz/export/vfz2018-zvuk12-clenove.json
2018,vfz2018,07202059,clenove,https://zpravy.udhpsh.cz/export/vfz2018-zp5-clenove.json
2018,vfz2018,03136922,clenove,https://zpravy.udhpsh.cz/export/vfz2018-zitbrno-clenove.json
2019,vfz2019,05402450,clenove,https://zpravy.udhpsh.cz/export/vfz2019-oda-clenove.json
2019,vfz2019,04627695,clenove,https://zpravy.udhpsh.cz/export/vfz2019-agrarni-clenove.json
2019,vfz2019,71443339,clenove,https://zpravy.udhpsh.cz/export/vfz2019-ano-clenove.json
2019,vfz2019,71443274,clenove,https://zpravy.udhpsh.cz/export/vfz2019-aliancens-clenove.json
2019,vfz2019,07289731,clenove,https://zpravy.udhpsh.cz/export/vfz2019-apv-clenove.json
2019,vfz2019,05989175,clenove,https://zpravy.udhpsh.cz/export/vfz2019-referendumeu-clenove.json
2019,vfz2019,26587840,clenove,https://zpravy.udhpsh.cz/export/vfz2019-balbinova-clenove.json
2019,vfz2019,07204752,clenove,https://zpravy.udhpsh.cz/export/vfz2019-brnoplus-clenove.json
2019,vfz2019,05103487,clenove,https://zpravy.udhpsh.cz/export/vfz2019-sas-clenove.json
2019,vfz2019,05754577,clenove,https://zpravy.udhpsh.cz/export/vfz2019-cesta-clenove.json
2019,vfz2019,71443428,clenove,https://zpravy.udhpsh.cz/export/vfz2019-cesi-clenove.json
2019,vfz2019,07290853,clenove,https://zpravy.udhpsh.cz/export/vfz2019-cib-clenove.json
2019,vfz2019,03094553,clenove,https://zpravy.udhpsh.cz/export/vfz2019-cunl-clenove.json
2019,vfz2019,00442721,clenove,https://zpravy.udhpsh.cz/export/vfz2019-csns-clenove.json
2019,vfz2019,71443207,clenove,https://zpravy.udhpsh.cz/export/vfz2019-csr-clenove.json
2019,vfz2019,71443240,clenove,https://zpravy.udhpsh.cz/export/vfz2019-suverenita-clenove.json
2019,vfz2019,07972733,clenove,https://zpravy.udhpsh.cz/export/vfz2019-institut-clenove.json
2019,vfz2019,07307977,clenove,https://zpravy.udhpsh.cz/export/vfz2019-dost-clenove.json
2019,vfz2019,05391628,clenove,https://zpravy.udhpsh.cz/export/vfz2019-evolutionmind-clenove.json
2019,vfz2019,03168786,clenove,https://zpravy.udhpsh.cz/export/vfz2019-fram-clenove.json
2019,vfz2019,03204723,clenove,https://zpravy.udhpsh.cz/export/vfz2019-hdk-clenove.json
2019,vfz2019,02674831,clenove,https://zpravy.udhpsh.cz/export/vfz2019-hdp-clenove.json
2019,vfz2019,07921331,clenove,https://zpravy.udhpsh.cz/export/vfz2019-hlas-clenove.json
2019,vfz2019,71443185,clenove,https://zpravy.udhpsh.cz/export/vfz2019-hopb-clenove.json
2019,vfz2019,68321457,clenove,https://zpravy.udhpsh.cz/export/vfz2019-hph-clenove.json
2019,vfz2019,03174531,clenove,https://zpravy.udhpsh.cz/export/vfz2019-hpk-clenove.json
2019,vfz2019,27039145,clenove,https://zpravy.udhpsh.cz/export/vfz2019-hpp11-clenove.json
2019,vfz2019,26600218,clenove,https://zpravy.udhpsh.cz/export/vfz2019-j21s-clenove.json
2019,vfz2019,07991070,clenove,https://zpravy.udhpsh.cz/export/vfz2019-jap-clenove.json
2019,vfz2019,71443312,clenove,https://zpravy.udhpsh.cz/export/vfz2019-ji12-clenove.json
2019,vfz2019,02733552,clenove,https://zpravy.udhpsh.cz/export/vfz2019-jmnd-clenove.json
2019,vfz2019,04889321,clenove,https://zpravy.udhpsh.cz/export/vfz2019-jsmepro-clenove.json
2019,vfz2019,71339965,clenove,https://zpravy.udhpsh.cz/export/vfz2019-jundrovaci-clenove.json
2019,vfz2019,00442704,clenove,https://zpravy.udhpsh.cz/export/vfz2019-kducsl-clenove.json
2019,vfz2019,07196989,clenove,https://zpravy.udhpsh.cz/export/vfz2019-km-clenove.json
2019,vfz2019,27034321,clenove,https://zpravy.udhpsh.cz/export/vfz2019-koa-clenove.json
2019,vfz2019,15271960,clenove,https://zpravy.udhpsh.cz/export/vfz2019-kons-clenove.json
2019,vfz2019,71339973,clenove,https://zpravy.udhpsh.cz/export/vfz2019-kpp-clenove.json
2019,vfz2019,00496936,clenove,https://zpravy.udhpsh.cz/export/vfz2019-kscm-clenove.json
2019,vfz2019,03152952,clenove,https://zpravy.udhpsh.cz/export/vfz2019-karlovaraci-clenove.json
2019,vfz2019,71339582,clenove,https://zpravy.udhpsh.cz/export/vfz2019-lap-clenove.json
2019,vfz2019,71443606,clenove,https://zpravy.udhpsh.cz/export/vfz2019-les-clenove.json
2019,vfz2019,49628089,clenove,https://zpravy.udhpsh.cz/export/vfz2019-sds-clenove.json
2019,vfz2019,60456400,clenove,https://zpravy.udhpsh.cz/export/vfz2019-mds-clenove.json
2019,vfz2019,07157029,clenove,https://zpravy.udhpsh.cz/export/vfz2019-mhs-clenove.json
2019,vfz2019,68455941,clenove,https://zpravy.udhpsh.cz/export/vfz2019-hnhrm-clenove.json
2019,vfz2019,03254747,clenove,https://zpravy.udhpsh.cz/export/vfz2019-modes-clenove.json
2019,vfz2019,44266740,clenove,https://zpravy.udhpsh.cz/export/vfz2019-korunaceska-clenove.json
2019,vfz2019,07027761,clenove,https://zpravy.udhpsh.cz/export/vfz2019-mzh-clenove.json
2019,vfz2019,07286210,clenove,https://zpravy.udhpsh.cz/export/vfz2019-nn14-clenove.json
2019,vfz2019,07312946,clenove,https://zpravy.udhpsh.cz/export/vfz2019-naseobec-clenove.json
2019,vfz2019,71443452,clenove,https://zpravy.udhpsh.cz/export/vfz2019-nbplk-clenove.json
2019,vfz2019,69345473,clenove,https://zpravy.udhpsh.cz/export/vfz2019-nd-clenove.json
2019,vfz2019,60458399,clenove,https://zpravy.udhpsh.cz/export/vfz2019-nez-clenove.json
2019,vfz2019,71339779,clenove,https://zpravy.udhpsh.cz/export/vfz2019-novyimpuls-clenove.json
2019,vfz2019,27034500,clenove,https://zpravy.udhpsh.cz/export/vfz2019-nestranici-clenove.json
2019,vfz2019,71443649,clenove,https://zpravy.udhpsh.cz/export/vfz2019-nmfm-clenove.json
2019,vfz2019,27053024,clenove,https://zpravy.udhpsh.cz/export/vfz2019-nespokojeni-clenove.json
2019,vfz2019,03219208,clenove,https://zpravy.udhpsh.cz/export/vfz2019-jsns-clenove.json
2019,vfz2019,71443584,clenove,https://zpravy.udhpsh.cz/export/vfz2019-novysmer-clenove.json
2019,vfz2019,03174697,clenove,https://zpravy.udhpsh.cz/export/vfz2019-npp10-clenove.json
2019,vfz2019,03016242,clenove,https://zpravy.udhpsh.cz/export/vfz2019-novysever-clenove.json
2019,vfz2019,26668980,clenove,https://zpravy.udhpsh.cz/export/vfz2019-nezavislavolba-clenove.json
2019,vfz2019,16192656,clenove,https://zpravy.udhpsh.cz/export/vfz2019-ods-clenove.json
2019,vfz2019,06860176,clenove,https://zpravy.udhpsh.cz/export/vfz2019-omco-clenove.json
2019,vfz2019,03099598,clenove,https://zpravy.udhpsh.cz/export/vfz2019-opat-clenove.json
2019,vfz2019,71443517,clenove,https://zpravy.udhpsh.cz/export/vfz2019-sounalezitost-clenove.json
2019,vfz2019,03221083,clenove,https://zpravy.udhpsh.cz/export/vfz2019-osn-clenove.json
2019,vfz2019,71443215,clenove,https://zpravy.udhpsh.cz/export/vfz2019-ostravak-clenove.json
2019,vfz2019,71443410,clenove,https://zpravy.udhpsh.cz/export/vfz2019-patrioti-clenove.json
2019,vfz2019,71443681,clenove,https://zpravy.udhpsh.cz/export/vfz2019-patrioticr-clenove.json
2019,vfz2019,03080935,clenove,https://zpravy.udhpsh.cz/export/vfz2019-vitkovice-clenove.json
2019,vfz2019,71339698,clenove,https://zpravy.udhpsh.cz/export/vfz2019-pirati-clenove.json
2019,vfz2019,03170624,clenove,https://zpravy.udhpsh.cz/export/vfz2019-podpora-clenove.json
2019,vfz2019,71443550,clenove,https://zpravy.udhpsh.cz/export/vfz2019-ppl-clenove.json
2019,vfz2019,02885573,clenove,https://zpravy.udhpsh.cz/export/vfz2019-opl-clenove.json
2019,vfz2019,07283652,clenove,https://zpravy.udhpsh.cz/export/vfz2019-prokdynsko-clenove.json
2019,vfz2019,04756339,clenove,https://zpravy.udhpsh.cz/export/vfz2019-prouk-clenove.json
2019,vfz2019,03204669,clenove,https://zpravy.udhpsh.cz/export/vfz2019-prool-clenove.json
2019,vfz2019,71339809,clenove,https://zpravy.udhpsh.cz/export/vfz2019-protrebic-clenove.json
2019,vfz2019,27038131,clenove,https://zpravy.udhpsh.cz/export/vfz2019-semilaci-clenove.json
2019,vfz2019,03091805,clenove,https://zpravy.udhpsh.cz/export/vfz2019-pevecko-clenove.json
2019,vfz2019,03254763,clenove,https://zpravy.udhpsh.cz/export/vfz2019-prozmenu-clenove.json
2019,vfz2019,71443380,clenove,https://zpravy.udhpsh.cz/export/vfz2019-s2012-clenove.json
2019,vfz2019,26595940,clenove,https://zpravy.udhpsh.cz/export/vfz2019-sdsn-clenove.json
2019,vfz2019,27026922,clenove,https://zpravy.udhpsh.cz/export/vfz2019-sedma-clenove.json
2019,vfz2019,06695205,clenove,https://zpravy.udhpsh.cz/export/vfz2019-sen21-clenove.json
2019,vfz2019,71339485,clenove,https://zpravy.udhpsh.cz/export/vfz2019-slk-clenove.json
2019,vfz2019,07218443,clenove,https://zpravy.udhpsh.cz/export/vfz2019-sms-clenove.json
2019,vfz2019,71339990,clenove,https://zpravy.udhpsh.cz/export/vfz2019-hnvrs-clenove.json
2019,vfz2019,70869553,clenove,https://zpravy.udhpsh.cz/export/vfz2019-snked-clenove.json
2019,vfz2019,05081068,clenove,https://zpravy.udhpsh.cz/export/vfz2019-snk1-clenove.json
2019,vfz2019,00409171,clenove,https://zpravy.udhpsh.cz/export/vfz2019-cssd-clenove.json
2019,vfz2019,03116603,clenove,https://zpravy.udhpsh.cz/export/vfz2019-sol-clenove.json
2019,vfz2019,71339655,clenove,https://zpravy.udhpsh.cz/export/vfz2019-soukromnici-clenove.json
2019,vfz2019,03217116,clenove,https://zpravy.udhpsh.cz/export/vfz2019-spdv-clenove.json
2019,vfz2019,07118317,clenove,https://zpravy.udhpsh.cz/export/vfz2019-spol-clenove.json
2019,vfz2019,03221199,clenove,https://zpravy.udhpsh.cz/export/vfz2019-spolehnuti-clenove.json
2019,vfz2019,71339752,clenove,https://zpravy.udhpsh.cz/export/vfz2019-spo-clenove.json
2019,vfz2019,71339922,clenove,https://zpravy.udhpsh.cz/export/vfz2019-sprrrscms-clenove.json
2019,vfz2019,26673908,clenove,https://zpravy.udhpsh.cz/export/vfz2019-stan-clenove.json
2019,vfz2019,71443444,clenove,https://zpravy.udhpsh.cz/export/vfz2019-sto-clenove.json
2019,vfz2019,71340009,clenove,https://zpravy.udhpsh.cz/export/vfz2019-strakonicka-clenove.json
2019,vfz2019,71339612,clenove,https://zpravy.udhpsh.cz/export/vfz2019-svobodni-clenove.json
2019,vfz2019,03251501,clenove,https://zpravy.udhpsh.cz/export/vfz2019-duchcov-clenove.json
2019,vfz2019,26582406,clenove,https://zpravy.udhpsh.cz/export/vfz2019-t2020-clenove.json
2019,vfz2019,12345678,clenove,https://zpravy.udhpsh.cz/export/vfz2019-test-clenove.json
2019,vfz2019,03143848,clenove,https://zpravy.udhpsh.cz/export/vfz2019-tnt-clenove.json
2019,vfz2019,71339728,clenove,https://zpravy.udhpsh.cz/export/vfz2019-top09-clenove.json
2019,vfz2019,02749947,clenove,https://zpravy.udhpsh.cz/export/vfz2019-toryove-clenove.json
2019,vfz2019,08288909,clenove,https://zpravy.udhpsh.cz/export/vfz2019-trikolora-clenove.json
2019,vfz2019,07986858,clenove,https://zpravy.udhpsh.cz/export/vfz2019-tujka-clenove.json
2019,vfz2019,02790840,clenove,https://zpravy.udhpsh.cz/export/vfz2019-ufo-clenove.json
2019,vfz2019,06335233,clenove,https://zpravy.udhpsh.cz/export/vfz2019-havel-clenove.json
2019,vfz2019,68954263,clenove,https://zpravy.udhpsh.cz/export/vfz2019-usz-clenove.json
2019,vfz2019,07195389,clenove,https://zpravy.udhpsh.cz/export/vfz2019-bsen-clenove.json
2019,vfz2019,71443355,clenove,https://zpravy.udhpsh.cz/export/vfz2019-vychodocesi-clenove.json
2019,vfz2019,07301600,clenove,https://zpravy.udhpsh.cz/export/vfz2019-vize-clenove.json
2019,vfz2019,71339892,clenove,https://zpravy.udhpsh.cz/export/vfz2019-volimorlovou-clenove.json
2019,vfz2019,04616421,clenove,https://zpravy.udhpsh.cz/export/vfz2019-vok-clenove.json
2019,vfz2019,71339817,clenove,https://zpravy.udhpsh.cz/export/vfz2019-vpk-clenove.json
2019,vfz2019,68210396,clenove,https://zpravy.udhpsh.cz/export/vfz2019-vpm-clenove.json
2019,vfz2019,27040097,clenove,https://zpravy.udhpsh.cz/export/vfz2019-vpmb-clenove.json
2019,vfz2019,04997808,clenove,https://zpravy.udhpsh.cz/export/vfz2019-vaseusti-clenove.json
2019,vfz2019,03247686,clenove,https://zpravy.udhpsh.cz/export/vfz2019-vvd-clenove.json
2019,vfz2019,71340084,clenove,https://zpravy.udhpsh.cz/export/vfz2019-prokraj-clenove.json
2019,vfz2019,00409740,clenove,https://zpravy.udhpsh.cz/export/vfz2019-zeleni-clenove.json
2019,vfz2019,68684011,clenove,https://zpravy.udhpsh.cz/export/vfz2019-zhn-clenove.json
2019,vfz2019,07156871,clenove,https://zpravy.udhpsh.cz/export/vfz2019-zls-clenove.json
2019,vfz2019,71443363,clenove,https://zpravy.udhpsh.cz/export/vfz2019-zmena-clenove.json
2019,vfz2019,04756291,clenove,https://zpravy.udhpsh.cz/export/vfz2019-zpl-clenove.json
2019,vfz2019,71339850,clenove,https://zpravy.udhpsh.cz/export/vfz2019-zenybrod-clenove.json
2019,vfz2019,07202059,clenove,https://zpravy.udhpsh.cz/export/vfz2019-zp5-clenove.json
2019,vfz2019,03136922,clenove,https://zpravy.udhpsh.cz/export/vfz2019-zitbrno-clenove.json
2020,vfz2020,05402450,clenove,https://zpravy.udhpsh.cz/export/vfz2020-oda-clenove.json
2020,vfz2020,04627695,clenove,https://zpravy.udhpsh.cz/export/vfz2020-agrarni-clenove.json
2020,vfz2020,09227041,clenove,https://zpravy.udhpsh.cz/export/vfz2020-ank2020-clenove.json
2020,vfz2020,71443274,clenove,https://zpravy.udhpsh.cz/export/vfz2020-aliancens-clenove.json
2020,vfz2020,07289731,clenove,https://zpravy.udhpsh.cz/export/vfz2020-apv-clenove.json
2020,vfz2020,05989175,clenove,https://zpravy.udhpsh.cz/export/vfz2020-referendumeu-clenove.json
2020,vfz2020,06048099,clenove,https://zpravy.udhpsh.cz/export/vfz2020-bos-clenove.json
2020,vfz2020,26587840,clenove,https://zpravy.udhpsh.cz/export/vfz2020-balbinova-clenove.json
2020,vfz2020,07204752,clenove,https://zpravy.udhpsh.cz/export/vfz2020-brnoplus-clenove.json
2020,vfz2020,05103487,clenove,https://zpravy.udhpsh.cz/export/vfz2020-sas-clenove.json
2020,vfz2020,09182004,clenove,https://zpravy.udhpsh.cz/export/vfz2020-budou-clenove.json
2020,vfz2020,05754577,clenove,https://zpravy.udhpsh.cz/export/vfz2020-cesta-clenove.json
2020,vfz2020,71443428,clenove,https://zpravy.udhpsh.cz/export/vfz2020-cesi-clenove.json
2020,vfz2020,07290853,clenove,https://zpravy.udhpsh.cz/export/vfz2020-cib-clenove.json
2020,vfz2020,03094553,clenove,https://zpravy.udhpsh.cz/export/vfz2020-cunl-clenove.json
2020,vfz2020,00442721,clenove,https://zpravy.udhpsh.cz/export/vfz2020-csns-clenove.json
2020,vfz2020,27015904,clenove,https://zpravy.udhpsh.cz/export/vfz2020-csns2005-clenove.json
2020,vfz2020,71443207,clenove,https://zpravy.udhpsh.cz/export/vfz2020-csr-clenove.json
2020,vfz2020,71443240,clenove,https://zpravy.udhpsh.cz/export/vfz2020-suverenita-clenove.json
2020,vfz2020,07972733,clenove,https://zpravy.udhpsh.cz/export/vfz2020-institut-clenove.json
2020,vfz2020,07307977,clenove,https://zpravy.udhpsh.cz/export/vfz2020-dost-clenove.json
2020,vfz2020,04997841,clenove,https://zpravy.udhpsh.cz/export/vfz2020-dv2016-clenove.json
2020,vfz2020,05391628,clenove,https://zpravy.udhpsh.cz/export/vfz2020-evolutionmind-clenove.json
2020,vfz2020,03168786,clenove,https://zpravy.udhpsh.cz/export/vfz2020-fram-clenove.json
2020,vfz2020,03204723,clenove,https://zpravy.udhpsh.cz/export/vfz2020-hdk-clenove.json
2020,vfz2020,02674831,clenove,https://zpravy.udhpsh.cz/export/vfz2020-hdp-clenove.json
2020,vfz2020,07921331,clenove,https://zpravy.udhpsh.cz/export/vfz2020-hlas-clenove.json
2020,vfz2020,71443185,clenove,https://zpravy.udhpsh.cz/export/vfz2020-hopb-clenove.json
2020,vfz2020,68321457,clenove,https://zpravy.udhpsh.cz/export/vfz2020-hph-clenove.json
2020,vfz2020,03174531,clenove,https://zpravy.udhpsh.cz/export/vfz2020-hpk-clenove.json
2020,vfz2020,27039145,clenove,https://zpravy.udhpsh.cz/export/vfz2020-hpp11-clenove.json
2020,vfz2020,09233229,clenove,https://zpravy.udhpsh.cz/export/vfz2020-hnide-clenove.json
2020,vfz2020,26600218,clenove,https://zpravy.udhpsh.cz/export/vfz2020-j21s-clenove.json
2020,vfz2020,71443312,clenove,https://zpravy.udhpsh.cz/export/vfz2020-ji12-clenove.json
2020,vfz2020,02733552,clenove,https://zpravy.udhpsh.cz/export/vfz2020-jmnd-clenove.json
2020,vfz2020,04889321,clenove,https://zpravy.udhpsh.cz/export/vfz2020-jsmepro-clenove.json
2020,vfz2020,71339965,clenove,https://zpravy.udhpsh.cz/export/vfz2020-jundrovaci-clenove.json
2020,vfz2020,00442704,clenove,https://zpravy.udhpsh.cz/export/vfz2020-kducsl-clenove.json
2020,vfz2020,07196989,clenove,https://zpravy.udhpsh.cz/export/vfz2020-km-clenove.json
2020,vfz2020,27034321,clenove,https://zpravy.udhpsh.cz/export/vfz2020-koa-clenove.json
2020,vfz2020,15271960,clenove,https://zpravy.udhpsh.cz/export/vfz2020-kons-clenove.json
2020,vfz2020,71339973,clenove,https://zpravy.udhpsh.cz/export/vfz2020-kpp-clenove.json
2020,vfz2020,00496936,clenove,https://zpravy.udhpsh.cz/export/vfz2020-kscm-clenove.json
2020,vfz2020,03152952,clenove,https://zpravy.udhpsh.cz/export/vfz2020-karlovaraci-clenove.json
2020,vfz2020,71339582,clenove,https://zpravy.udhpsh.cz/export/vfz2020-lap-clenove.json
2020,vfz2020,71443606,clenove,https://zpravy.udhpsh.cz/export/vfz2020-les-clenove.json
2020,vfz2020,49628089,clenove,https://zpravy.udhpsh.cz/export/vfz2020-sds-clenove.json
2020,vfz2020,60456400,clenove,https://zpravy.udhpsh.cz/export/vfz2020-mds-clenove.json
2020,vfz2020,07157029,clenove,https://zpravy.udhpsh.cz/export/vfz2020-mhs-clenove.json
2020,vfz2020,68455941,clenove,https://zpravy.udhpsh.cz/export/vfz2020-hnhrm-clenove.json
2020,vfz2020,26598647,clenove,https://zpravy.udhpsh.cz/export/vfz2020-mestolidem-clenove.json
2020,vfz2020,03254747,clenove,https://zpravy.udhpsh.cz/export/vfz2020-modes-clenove.json
2020,vfz2020,44266740,clenove,https://zpravy.udhpsh.cz/export/vfz2020-korunaceska-clenove.json
2020,vfz2020,60556625,clenove,https://zpravy.udhpsh.cz/export/vfz2020-moravane-clenove.json
2020,vfz2020,09301020,clenove,https://zpravy.udhpsh.cz/export/vfz2020-mlpak-clenove.json
2020,vfz2020,07027761,clenove,https://zpravy.udhpsh.cz/export/vfz2020-mzh-clenove.json
2020,vfz2020,07286210,clenove,https://zpravy.udhpsh.cz/export/vfz2020-nn14-clenove.json
2020,vfz2020,07312946,clenove,https://zpravy.udhpsh.cz/export/vfz2020-naseobec-clenove.json
2020,vfz2020,71443452,clenove,https://zpravy.udhpsh.cz/export/vfz2020-nbplk-clenove.json
2020,vfz2020,09340718,clenove,https://zpravy.udhpsh.cz/export/vfz2020-nezkan-clenove.json
2020,vfz2020,60458399,clenove,https://zpravy.udhpsh.cz/export/vfz2020-nez-clenove.json
2020,vfz2020,71339779,clenove,https://zpravy.udhpsh.cz/export/vfz2020-novyimpuls-clenove.json
2020,vfz2020,27034500,clenove,https://zpravy.udhpsh.cz/export/vfz2020-nestranici-clenove.json
2020,vfz2020,71443649,clenove,https://zpravy.udhpsh.cz/export/vfz2020-nmfm-clenove.json
2020,vfz2020,27053024,clenove,https://zpravy.udhpsh.cz/export/vfz2020-nespokojeni-clenove.json
2020,vfz2020,71443584,clenove,https://zpravy.udhpsh.cz/export/vfz2020-novysmer-clenove.json
2020,vfz2020,03174697,clenove,https://zpravy.udhpsh.cz/export/vfz2020-npp10-clenove.json
2020,vfz2020,03016242,clenove,https://zpravy.udhpsh.cz/export/vfz2020-novysever-clenove.json
2020,vfz2020,26668980,clenove,https://zpravy.udhpsh.cz/export/vfz2020-nezavislavolba-clenove.json
2020,vfz2020,16192656,clenove,https://zpravy.udhpsh.cz/export/vfz2020-ods-clenove.json
2020,vfz2020,06860176,clenove,https://zpravy.udhpsh.cz/export/vfz2020-omco-clenove.json
2020,vfz2020,03099598,clenove,https://zpravy.udhpsh.cz/export/vfz2020-opat-clenove.json
2020,vfz2020,71443517,clenove,https://zpravy.udhpsh.cz/export/vfz2020-sounalezitost-clenove.json
2020,vfz2020,03221083,clenove,https://zpravy.udhpsh.cz/export/vfz2020-osn-clenove.json
2020,vfz2020,71443215,clenove,https://zpravy.udhpsh.cz/export/vfz2020-ostravak-clenove.json
2020,vfz2020,09363149,clenove,https://zpravy.udhpsh.cz/export/vfz2020-ovapro-clenove.json
2020,vfz2020,71443681,clenove,https://zpravy.udhpsh.cz/export/vfz2020-patrioticr-clenove.json
2020,vfz2020,03080935,clenove,https://zpravy.udhpsh.cz/export/vfz2020-vitkovice-clenove.json
2020,vfz2020,71339698,clenove,https://zpravy.udhpsh.cz/export/vfz2020-pirati-clenove.json
2020,vfz2020,03170624,clenove,https://zpravy.udhpsh.cz/export/vfz2020-podpora-clenove.json
2020,vfz2020,08960909,clenove,https://zpravy.udhpsh.cz/export/vfz2020-patolok-clenove.json
2020,vfz2020,71443550,clenove,https://zpravy.udhpsh.cz/export/vfz2020-ppl-clenove.json
2020,vfz2020,02885573,clenove,https://zpravy.udhpsh.cz/export/vfz2020-opl-clenove.json
2020,vfz2020,07283652,clenove,https://zpravy.udhpsh.cz/export/vfz2020-prokdynsko-clenove.json
2020,vfz2020,04756339,clenove,https://zpravy.udhpsh.cz/export/vfz2020-prouk-clenove.json
2020,vfz2020,03204669,clenove,https://zpravy.udhpsh.cz/export/vfz2020-prool-clenove.json
2020,vfz2020,71339809,clenove,https://zpravy.udhpsh.cz/export/vfz2020-protrebic-clenove.json
2020,vfz2020,27038131,clenove,https://zpravy.udhpsh.cz/export/vfz2020-semilaci-clenove.json
2020,vfz2020,03091805,clenove,https://zpravy.udhpsh.cz/export/vfz2020-pevecko-clenove.json
2020,vfz2020,03254763,clenove,https://zpravy.udhpsh.cz/export/vfz2020-prozmenu-clenove.json
2020,vfz2020,71443380,clenove,https://zpravy.udhpsh.cz/export/vfz2020-s2012-clenove.json
2020,vfz2020,26595940,clenove,https://zpravy.udhpsh.cz/export/vfz2020-sdsn-clenove.json
2020,vfz2020,27026922,clenove,https://zpravy.udhpsh.cz/export/vfz2020-sedma-clenove.json
2020,vfz2020,06695205,clenove,https://zpravy.udhpsh.cz/export/vfz2020-sen21-clenove.json
2020,vfz2020,71443347,clenove,https://zpravy.udhpsh.cz/export/vfz2020-rnvu-clenove.json
2020,vfz2020,71339485,clenove,https://zpravy.udhpsh.cz/export/vfz2020-slk-clenove.json
2020,vfz2020,71339990,clenove,https://zpravy.udhpsh.cz/export/vfz2020-hnvrs-clenove.json
2020,vfz2020,70869553,clenove,https://zpravy.udhpsh.cz/export/vfz2020-snked-clenove.json
2020,vfz2020,05081068,clenove,https://zpravy.udhpsh.cz/export/vfz2020-snk1-clenove.json
2020,vfz2020,00409171,clenove,https://zpravy.udhpsh.cz/export/vfz2020-cssd-clenove.json
2020,vfz2020,03116603,clenove,https://zpravy.udhpsh.cz/export/vfz2020-sol-clenove.json
2020,vfz2020,71339655,clenove,https://zpravy.udhpsh.cz/export/vfz2020-soukromnici-clenove.json
2020,vfz2020,03217116,clenove,https://zpravy.udhpsh.cz/export/vfz2020-spdv-clenove.json
2020,vfz2020,07118317,clenove,https://zpravy.udhpsh.cz/export/vfz2020-spol-clenove.json
2020,vfz2020,03221199,clenove,https://zpravy.udhpsh.cz/export/vfz2020-spolehnuti-clenove.json
2020,vfz2020,71339752,clenove,https://zpravy.udhpsh.cz/export/vfz2020-spo-clenove.json
2020,vfz2020,71339922,clenove,https://zpravy.udhpsh.cz/export/vfz2020-sprrrscms-clenove.json
2020,vfz2020,26673908,clenove,https://zpravy.udhpsh.cz/export/vfz2020-stan-clenove.json
2020,vfz2020,71443444,clenove,https://zpravy.udhpsh.cz/export/vfz2020-sto-clenove.json
2020,vfz2020,71340009,clenove,https://zpravy.udhpsh.cz/export/vfz2020-strakonicka-clenove.json
2020,vfz2020,71339612,clenove,https://zpravy.udhpsh.cz/export/vfz2020-svobodni-clenove.json
2020,vfz2020,03251501,clenove,https://zpravy.udhpsh.cz/export/vfz2020-duchcov-clenove.json
2020,vfz2020,71443177,clenove,https://zpravy.udhpsh.cz/export/vfz2020-hradiste-clenove.json
2020,vfz2020,26582406,clenove,https://zpravy.udhpsh.cz/export/vfz2020-t2020-clenove.json
2020,vfz2020,03143848,clenove,https://zpravy.udhpsh.cz/export/vfz2020-tnt-clenove.json
2020,vfz2020,71339728,clenove,https://zpravy.udhpsh.cz/export/vfz2020-top09-clenove.json
2020,vfz2020,02749947,clenove,https://zpravy.udhpsh.cz/export/vfz2020-toryove-clenove.json
2020,vfz2020,08288909,clenove,https://zpravy.udhpsh.cz/export/vfz2020-trikolora-clenove.json
2020,vfz2020,07986858,clenove,https://zpravy.udhpsh.cz/export/vfz2020-tujka-clenove.json
2020,vfz2020,02790840,clenove,https://zpravy.udhpsh.cz/export/vfz2020-ufo-clenove.json
2020,vfz2020,68954263,clenove,https://zpravy.udhpsh.cz/export/vfz2020-usz-clenove.json
2020,vfz2020,07195389,clenove,https://zpravy.udhpsh.cz/export/vfz2020-bsen-clenove.json
2020,vfz2020,71443355,clenove,https://zpravy.udhpsh.cz/export/vfz2020-vychodocesi-clenove.json
2020,vfz2020,07301600,clenove,https://zpravy.udhpsh.cz/export/vfz2020-vize-clenove.json
2020,vfz2020,71339892,clenove,https://zpravy.udhpsh.cz/export/vfz2020-volimorlovou-clenove.json
2020,vfz2020,04616421,clenove,https://zpravy.udhpsh.cz/export/vfz2020-vok-clenove.json
2020,vfz2020,71339817,clenove,https://zpravy.udhpsh.cz/export/vfz2020-vpk-clenove.json
2020,vfz2020,68210396,clenove,https://zpravy.udhpsh.cz/export/vfz2020-vpm-clenove.json
2020,vfz2020,27040097,clenove,https://zpravy.udhpsh.cz/export/vfz2020-vpmb-clenove.json
2020,vfz2020,07324758,clenove,https://zpravy.udhpsh.cz/export/vfz2020-vinohrady-clenove.json
2020,vfz2020,04997808,clenove,https://zpravy.udhpsh.cz/export/vfz2020-vaseusti-clenove.json
2020,vfz2020,03247686,clenove,https://zpravy.udhpsh.cz/export/vfz2020-vvd-clenove.json
2020,vfz2020,08773297,clenove,https://zpravy.udhpsh.cz/export/vfz2020-z2020-clenove.json
2020,vfz2020,71340084,clenove,https://zpravy.udhpsh.cz/export/vfz2020-prokraj-clenove.json
2020,vfz2020,00409740,clenove,https://zpravy.udhpsh.cz/export/vfz2020-zeleni-clenove.json
2020,vfz2020,68684011,clenove,https://zpravy.udhpsh.cz/export/vfz2020-zhn-clenove.json
2020,vfz2020,07156871,clenove,https://zpravy.udhpsh.cz/export/vfz2020-zls-clenove.json
2020,vfz2020,71443363,clenove,https://zpravy.udhpsh.cz/export/vfz2020-zmena-clenove.json
2020,vfz2020,71443401,clenove,https://zpravy.udhpsh.cz/export/vfz2020-zvuk12-clenove.json
2020,vfz2020,71339850,clenove,https://zpravy.udhpsh.cz/export/vfz2020-zenybrod-clenove.json
2020,vfz2020,07202059,clenove,https://zpravy.udhpsh.cz/export/vfz2020-zp5-clenove.json
2020,vfz2020,03136922,clenove,https://zpravy.udhpsh.cz/export/vfz2020-zitbrno-clenove.json
2021,vfz2021,05402450,clenove,https://zpravy.udhpsh.cz/export/vfz2021-oda-clenove.json
2021,vfz2021,04627695,clenove,https://zpravy.udhpsh.cz/export/vfz2021-agrarni-clenove.json
2021,vfz2021,71443274,clenove,https://zpravy.udhpsh.cz/export/vfz2021-aliancens-clenove.json
2021,vfz2021,07289731,clenove,https://zpravy.udhpsh.cz/export/vfz2021-apv-clenove.json
2021,vfz2021,05989175,clenove,https://zpravy.udhpsh.cz/export/vfz2021-referendumeu-clenove.json
2021,vfz2021,26587840,clenove,https://zpravy.udhpsh.cz/export/vfz2021-balbinova-clenove.json
2021,vfz2021,07204752,clenove,https://zpravy.udhpsh.cz/export/vfz2021-brnoplus-clenove.json
2021,vfz2021,05103487,clenove,https://zpravy.udhpsh.cz/export/vfz2021-sas-clenove.json
2021,vfz2021,09182004,clenove,https://zpravy.udhpsh.cz/export/vfz2021-budou-clenove.json
2021,vfz2021,03094553,clenove,https://zpravy.udhpsh.cz/export/vfz2021-cunl-clenove.json
2021,vfz2021,00442721,clenove,https://zpravy.udhpsh.cz/export/vfz2021-csns-clenove.json
2021,vfz2021,27015904,clenove,https://zpravy.udhpsh.cz/export/vfz2021-csns2005-clenove.json
2021,vfz2021,71443207,clenove,https://zpravy.udhpsh.cz/export/vfz2021-csr-clenove.json
2021,vfz2021,71443240,clenove,https://zpravy.udhpsh.cz/export/vfz2021-suverenita-clenove.json
2021,vfz2021,07972733,clenove,https://zpravy.udhpsh.cz/export/vfz2021-institut-clenove.json
2021,vfz2021,09977023,clenove,https://zpravy.udhpsh.cz/export/vfz2021-hnutidost-clenove.json
2021,vfz2021,04997841,clenove,https://zpravy.udhpsh.cz/export/vfz2021-dv2016-clenove.json
2021,vfz2021,05391628,clenove,https://zpravy.udhpsh.cz/export/vfz2021-evolutionmind-clenove.json
2021,vfz2021,10954899,clenove,https://zpravy.udhpsh.cz/export/vfz2021-fabr-clenove.json
2021,vfz2021,03168786,clenove,https://zpravy.udhpsh.cz/export/vfz2021-fram-clenove.json
2021,vfz2021,03204723,clenove,https://zpravy.udhpsh.cz/export/vfz2021-hdk-clenove.json
2021,vfz2021,07921331,clenove,https://zpravy.udhpsh.cz/export/vfz2021-hlas-clenove.json
2021,vfz2021,71443185,clenove,https://zpravy.udhpsh.cz/export/vfz2021-hopb-clenove.json
2021,vfz2021,68321457,clenove,https://zpravy.udhpsh.cz/export/vfz2021-hph-clenove.json
2021,vfz2021,03174531,clenove,https://zpravy.udhpsh.cz/export/vfz2021-hpk-clenove.json
2021,vfz2021,27039145,clenove,https://zpravy.udhpsh.cz/export/vfz2021-hpp11-clenove.json
2021,vfz2021,09233229,clenove,https://zpravy.udhpsh.cz/export/vfz2021-hnide-clenove.json
2021,vfz2021,26600218,clenove,https://zpravy.udhpsh.cz/export/vfz2021-j21s-clenove.json
2021,vfz2021,71443312,clenove,https://zpravy.udhpsh.cz/export/vfz2021-ji12-clenove.json
2021,vfz2021,02733552,clenove,https://zpravy.udhpsh.cz/export/vfz2021-jmnd-clenove.json
2021,vfz2021,04889321,clenove,https://zpravy.udhpsh.cz/export/vfz2021-jsmepro-clenove.json
2021,vfz2021,71339965,clenove,https://zpravy.udhpsh.cz/export/vfz2021-jundrovaci-clenove.json
2021,vfz2021,07196989,clenove,https://zpravy.udhpsh.cz/export/vfz2021-km-clenove.json
2021,vfz2021,27034321,clenove,https://zpravy.udhpsh.cz/export/vfz2021-koa-clenove.json
2021,vfz2021,15271960,clenove,https://zpravy.udhpsh.cz/export/vfz2021-kons-clenove.json
2021,vfz2021,71339973,clenove,https://zpravy.udhpsh.cz/export/vfz2021-kpp-clenove.json
2021,vfz2021,00496936,clenove,https://zpravy.udhpsh.cz/export/vfz2021-kscm-clenove.json
2021,vfz2021,03152952,clenove,https://zpravy.udhpsh.cz/export/vfz2021-karlovaraci-clenove.json
2021,vfz2021,71339582,clenove,https://zpravy.udhpsh.cz/export/vfz2021-lap-clenove.json
2021,vfz2021,49628089,clenove,https://zpravy.udhpsh.cz/export/vfz2021-sds-clenove.json
2021,vfz2021,60456400,clenove,https://zpravy.udhpsh.cz/export/vfz2021-mds-clenove.json
2021,vfz2021,07157029,clenove,https://zpravy.udhpsh.cz/export/vfz2021-mhs-clenove.json
2021,vfz2021,26598647,clenove,https://zpravy.udhpsh.cz/export/vfz2021-mestolidem-clenove.json
2021,vfz2021,03254747,clenove,https://zpravy.udhpsh.cz/export/vfz2021-modes-clenove.json
2021,vfz2021,44266740,clenove,https://zpravy.udhpsh.cz/export/vfz2021-korunaceska-clenove.json
2021,vfz2021,60556625,clenove,https://zpravy.udhpsh.cz/export/vfz2021-moravane-clenove.json
2021,vfz2021,07027761,clenove,https://zpravy.udhpsh.cz/export/vfz2021-mzh-clenove.json
2021,vfz2021,07286210,clenove,https://zpravy.udhpsh.cz/export/vfz2021-nn14-clenove.json
2021,vfz2021,07312946,clenove,https://zpravy.udhpsh.cz/export/vfz2021-naseobec-clenove.json
2021,vfz2021,71443452,clenove,https://zpravy.udhpsh.cz/export/vfz2021-nbplk-clenove.json
2021,vfz2021,09340718,clenove,https://zpravy.udhpsh.cz/export/vfz2021-nezkan-clenove.json
2021,vfz2021,60458399,clenove,https://zpravy.udhpsh.cz/export/vfz2021-nez-clenove.json
2021,vfz2021,71339779,clenove,https://zpravy.udhpsh.cz/export/vfz2021-novyimpuls-clenove.json
2021,vfz2021,27034500,clenove,https://zpravy.udhpsh.cz/export/vfz2021-nestranici-clenove.json
2021,vfz2021,71443649,clenove,https://zpravy.udhpsh.cz/export/vfz2021-nmfm-clenove.json
2021,vfz2021,27053024,clenove,https://zpravy.udhpsh.cz/export/vfz2021-nespokojeni-clenove.json
2021,vfz2021,71443584,clenove,https://zpravy.udhpsh.cz/export/vfz2021-novysmer-clenove.json
2021,vfz2021,03174697,clenove,https://zpravy.udhpsh.cz/export/vfz2021-npp10-clenove.json
2021,vfz2021,03016242,clenove,https://zpravy.udhpsh.cz/export/vfz2021-novysever-clenove.json
2021,vfz2021,26668980,clenove,https://zpravy.udhpsh.cz/export/vfz2021-nezavislavolba-clenove.json
2021,vfz2021,16192656,clenove,https://zpravy.udhpsh.cz/export/vfz2021-ods-clenove.json
2021,vfz2021,06860176,clenove,https://zpravy.udhpsh.cz/export/vfz2021-omco-clenove.json
2021,vfz2021,03099598,clenove,https://zpravy.udhpsh.cz/export/vfz2021-opat-clenove.json
2021,vfz2021,71443517,clenove,https://zpravy.udhpsh.cz/export/vfz2021-sounalezitost-clenove.json
2021,vfz2021,03221083,clenove,https://zpravy.udhpsh.cz/export/vfz2021-osn-clenove.json
2021,vfz2021,71443215,clenove,https://zpravy.udhpsh.cz/export/vfz2021-ostravak-clenove.json
2021,vfz2021,09363149,clenove,https://zpravy.udhpsh.cz/export/vfz2021-ovapro-clenove.json
2021,vfz2021,71443681,clenove,https://zpravy.udhpsh.cz/export/vfz2021-patrioticr-clenove.json
2021,vfz2021,03080935,clenove,https://zpravy.udhpsh.cz/export/vfz2021-vitkovice-clenove.json
2021,vfz2021,71339698,clenove,https://zpravy.udhpsh.cz/export/vfz2021-pirati-clenove.json
2021,vfz2021,03170624,clenove,https://zpravy.udhpsh.cz/export/vfz2021-podpora-clenove.json
2021,vfz2021,08960909,clenove,https://zpravy.udhpsh.cz/export/vfz2021-patolok-clenove.json
2021,vfz2021,71443550,clenove,https://zpravy.udhpsh.cz/export/vfz2021-ppl-clenove.json
2021,vfz2021,02885573,clenove,https://zpravy.udhpsh.cz/export/vfz2021-opl-clenove.json
2021,vfz2021,03204669,clenove,https://zpravy.udhpsh.cz/export/vfz2021-prool-clenove.json
2021,vfz2021,10742409,clenove,https://zpravy.udhpsh.cz/export/vfz2021-prisaha-clenove.json
2021,vfz2021,27038131,clenove,https://zpravy.udhpsh.cz/export/vfz2021-semilaci-clenove.json
2021,vfz2021,03091805,clenove,https://zpravy.udhpsh.cz/export/vfz2021-pevecko-clenove.json
2021,vfz2021,03254763,clenove,https://zpravy.udhpsh.cz/export/vfz2021-prozmenu-clenove.json
2021,vfz2021,71443380,clenove,https://zpravy.udhpsh.cz/export/vfz2021-s2012-clenove.json
2021,vfz2021,26595940,clenove,https://zpravy.udhpsh.cz/export/vfz2021-sdsn-clenove.json
2021,vfz2021,27026922,clenove,https://zpravy.udhpsh.cz/export/vfz2021-sedma-clenove.json
2021,vfz2021,06695205,clenove,https://zpravy.udhpsh.cz/export/vfz2021-sen21-clenove.json
2021,vfz2021,71443347,clenove,https://zpravy.udhpsh.cz/export/vfz2021-rnvu-clenove.json
2021,vfz2021,71339485,clenove,https://zpravy.udhpsh.cz/export/vfz2021-slk-clenove.json
2021,vfz2021,07218443,clenove,https://zpravy.udhpsh.cz/export/vfz2021-sms-clenove.json
2021,vfz2021,71339990,clenove,https://zpravy.udhpsh.cz/export/vfz2021-hnvrs-clenove.json
2021,vfz2021,70869553,clenove,https://zpravy.udhpsh.cz/export/vfz2021-snked-clenove.json
2021,vfz2021,05081068,clenove,https://zpravy.udhpsh.cz/export/vfz2021-snk1-clenove.json
2021,vfz2021,11661704,clenove,https://zpravy.udhpsh.cz/export/vfz2021-sns-clenove.json
2021,vfz2021,00409171,clenove,https://zpravy.udhpsh.cz/export/vfz2021-cssd-clenove.json
2021,vfz2021,03116603,clenove,https://zpravy.udhpsh.cz/export/vfz2021-sol-clenove.json
2021,vfz2021,71339655,clenove,https://zpravy.udhpsh.cz/export/vfz2021-soukromnici-clenove.json
2021,vfz2021,03217116,clenove,https://zpravy.udhpsh.cz/export/vfz2021-spdv-clenove.json
2021,vfz2021,07118317,clenove,https://zpravy.udhpsh.cz/export/vfz2021-spol-clenove.json
2021,vfz2021,03221199,clenove,https://zpravy.udhpsh.cz/export/vfz2021-spolehnuti-clenove.json
2021,vfz2021,71339752,clenove,https://zpravy.udhpsh.cz/export/vfz2021-spo-clenove.json
2021,vfz2021,71339922,clenove,https://zpravy.udhpsh.cz/export/vfz2021-sprrrscms-clenove.json
2021,vfz2021,26673908,clenove,https://zpravy.udhpsh.cz/export/vfz2021-stan-clenove.json
2021,vfz2021,71443444,clenove,https://zpravy.udhpsh.cz/export/vfz2021-sto-clenove.json
2021,vfz2021,71340009,clenove,https://zpravy.udhpsh.cz/export/vfz2021-strakonicka-clenove.json
2021,vfz2021,71339612,clenove,https://zpravy.udhpsh.cz/export/vfz2021-svobodni-clenove.json
2021,vfz2021,03251501,clenove,https://zpravy.udhpsh.cz/export/vfz2021-duchcov-clenove.json
2021,vfz2021,71443177,clenove,https://zpravy.udhpsh.cz/export/vfz2021-hradiste-clenove.json
2021,vfz2021,26582406,clenove,https://zpravy.udhpsh.cz/export/vfz2021-t2020-clenove.json
2021,vfz2021,03143848,clenove,https://zpravy.udhpsh.cz/export/vfz2021-tnt-clenove.json
2021,vfz2021,71339728,clenove,https://zpravy.udhpsh.cz/export/vfz2021-top09-clenove.json
2021,vfz2021,02749947,clenove,https://zpravy.udhpsh.cz/export/vfz2021-toryove-clenove.json
2021,vfz2021,07986858,clenove,https://zpravy.udhpsh.cz/export/vfz2021-tujka-clenove.json
2021,vfz2021,02790840,clenove,https://zpravy.udhpsh.cz/export/vfz2021-ufo-clenove.json
2021,vfz2021,68954263,clenove,https://zpravy.udhpsh.cz/export/vfz2021-usz-clenove.json
2021,vfz2021,07195389,clenove,https://zpravy.udhpsh.cz/export/vfz2021-bsen-clenove.json
2021,vfz2021,71443355,clenove,https://zpravy.udhpsh.cz/export/vfz2021-vychodocesi-clenove.json
2021,vfz2021,07301600,clenove,https://zpravy.udhpsh.cz/export/vfz2021-vize-clenove.json
2021,vfz2021,71339892,clenove,https://zpravy.udhpsh.cz/export/vfz2021-volimorlovou-clenove.json
2021,vfz2021,04616421,clenove,https://zpravy.udhpsh.cz/export/vfz2021-vok-clenove.json
2021,vfz2021,71339817,clenove,https://zpravy.udhpsh.cz/export/vfz2021-vpk-clenove.json
2021,vfz2021,27040097,clenove,https://zpravy.udhpsh.cz/export/vfz2021-vpmb-clenove.json
2021,vfz2021,07324758,clenove,https://zpravy.udhpsh.cz/export/vfz2021-vinohrady-clenove.json
2021,vfz2021,04997808,clenove,https://zpravy.udhpsh.cz/export/vfz2021-vaseusti-clenove.json
2021,vfz2021,03247686,clenove,https://zpravy.udhpsh.cz/export/vfz2021-vvd-clenove.json
2021,vfz2021,08773297,clenove,https://zpravy.udhpsh.cz/export/vfz2021-z2020-clenove.json
2021,vfz2021,71340084,clenove,https://zpravy.udhpsh.cz/export/vfz2021-prokraj-clenove.json
2021,vfz2021,00409740,clenove,https://zpravy.udhpsh.cz/export/vfz2021-zeleni-clenove.json
2021,vfz2021,68684011,clenove,https://zpravy.udhpsh.cz/export/vfz2021-zhn-clenove.json
2021,vfz2021,07156871,clenove,https://zpravy.udhpsh.cz/export/vfz2021-zls-clenove.json
2021,vfz2021,71443363,clenove,https://zpravy.udhpsh.cz/export/vfz2021-zmena-clenove.json
2021,vfz2021,71339850,clenove,https://zpravy.udhpsh.cz/export/vfz2021-zenybrod-clenove.json
2021,vfz2021,07202059,clenove,https://zpravy.udhpsh.cz/export/vfz2021-zp5-clenove.json
2021,vfz2021,03136922,clenove,https://zpravy.udhpsh.cz/export/vfz2021-zitbrno-clenove.json
2022,vfz2022,17262984,clenove,https://zpravy.udhpsh.cz/export/vfz2022-livin8ght-clenove.json
2022,vfz2022,05402450,clenove,https://zpravy.udhpsh.cz/export/vfz2022-oda-clenove.json
2022,vfz2022,14369664,clenove,https://zpravy.udhpsh.cz/export/vfz2022-dolebud-clenove.json
2022,vfz2022,04627695,clenove,https://zpravy.udhpsh.cz/export/vfz2022-agrarni-clenove.json
2022,vfz2022,71443339,clenove,https://zpravy.udhpsh.cz/export/vfz2022-ano-clenove.json
2022,vfz2022,71443274,clenove,https://zpravy.udhpsh.cz/export/vfz2022-aliancens-clenove.json
2022,vfz2022,07289731,clenove,https://zpravy.udhpsh.cz/export/vfz2022-apv-clenove.json
2022,vfz2022,05989175,clenove,https://zpravy.udhpsh.cz/export/vfz2022-referendumeu-clenove.json
2022,vfz2022,14179792,clenove,https://zpravy.udhpsh.cz/export/vfz2022-bezeme-clenove.json
2022,vfz2022,26587840,clenove,https://zpravy.udhpsh.cz/export/vfz2022-balbinova-clenove.json
2022,vfz2022,05103487,clenove,https://zpravy.udhpsh.cz/export/vfz2022-sas-clenove.json
2022,vfz2022,14334887,clenove,https://zpravy.udhpsh.cz/export/vfz2022-buprobany-clenove.json
2022,vfz2022,05754577,clenove,https://zpravy.udhpsh.cz/export/vfz2022-cesta-clenove.json
2022,vfz2022,03094553,clenove,https://zpravy.udhpsh.cz/export/vfz2022-cunl-clenove.json
2022,vfz2022,00442721,clenove,https://zpravy.udhpsh.cz/export/vfz2022-csns-clenove.json
2022,vfz2022,71443207,clenove,https://zpravy.udhpsh.cz/export/vfz2022-csr-clenove.json
2022,vfz2022,71443240,clenove,https://zpravy.udhpsh.cz/export/vfz2022-suverenita-clenove.json
2022,vfz2022,07972733,clenove,https://zpravy.udhpsh.cz/export/vfz2022-institut-clenove.json
2022,vfz2022,09977023,clenove,https://zpravy.udhpsh.cz/export/vfz2022-hnutidost-clenove.json
2022,vfz2022,71443142,clenove,https://zpravy.udhpsh.cz/export/vfz2022-dpd-clenove.json
2022,vfz2022,04997841,clenove,https://zpravy.udhpsh.cz/export/vfz2022-dv2016-clenove.json
2022,vfz2022,05391628,clenove,https://zpravy.udhpsh.cz/export/vfz2022-evolutionmind-clenove.json
2022,vfz2022,10954899,clenove,https://zpravy.udhpsh.cz/export/vfz2022-fabr-clenove.json
2022,vfz2022,03204723,clenove,https://zpravy.udhpsh.cz/export/vfz2022-hdk-clenove.json
2022,vfz2022,02674831,clenove,https://zpravy.udhpsh.cz/export/vfz2022-hdp-clenove.json
2022,vfz2022,07921331,clenove,https://zpravy.udhpsh.cz/export/vfz2022-hlas-clenove.json
2022,vfz2022,71443185,clenove,https://zpravy.udhpsh.cz/export/vfz2022-hopb-clenove.json
2022,vfz2022,68321457,clenove,https://zpravy.udhpsh.cz/export/vfz2022-hph-clenove.json
2022,vfz2022,03174531,clenove,https://zpravy.udhpsh.cz/export/vfz2022-hpk-clenove.json
2022,vfz2022,27039145,clenove,https://zpravy.udhpsh.cz/export/vfz2022-hpp11-clenove.json
2022,vfz2022,09233229,clenove,https://zpravy.udhpsh.cz/export/vfz2022-hnide-clenove.json
2022,vfz2022,14290910,clenove,https://zpravy.udhpsh.cz/export/vfz2022-jistabud-clenove.json
2022,vfz2022,71443312,clenove,https://zpravy.udhpsh.cz/export/vfz2022-ji12-clenove.json
2022,vfz2022,02733552,clenove,https://zpravy.udhpsh.cz/export/vfz2022-jmnd-clenove.json
2022,vfz2022,04889321,clenove,https://zpravy.udhpsh.cz/export/vfz2022-jsmepro-clenove.json
2022,vfz2022,71339965,clenove,https://zpravy.udhpsh.cz/export/vfz2022-jundrovaci-clenove.json
2022,vfz2022,00442704,clenove,https://zpravy.udhpsh.cz/export/vfz2022-kducsl-clenove.json
2022,vfz2022,07196989,clenove,https://zpravy.udhpsh.cz/export/vfz2022-km-clenove.json
2022,vfz2022,27034321,clenove,https://zpravy.udhpsh.cz/export/vfz2022-koa-clenove.json
2022,vfz2022,15271960,clenove,https://zpravy.udhpsh.cz/export/vfz2022-kons-clenove.json
2022,vfz2022,71339973,clenove,https://zpravy.udhpsh.cz/export/vfz2022-kpp-clenove.json
2022,vfz2022,00496936,clenove,https://zpravy.udhpsh.cz/export/vfz2022-kscm-clenove.json
2022,vfz2022,03152952,clenove,https://zpravy.udhpsh.cz/export/vfz2022-karlovaraci-clenove.json
2022,vfz2022,71339582,clenove,https://zpravy.udhpsh.cz/export/vfz2022-lap-clenove.json
2022,vfz2022,49628089,clenove,https://zpravy.udhpsh.cz/export/vfz2022-sds-clenove.json
2022,vfz2022,17177782,clenove,https://zpravy.udhpsh.cz/export/vfz2022-severle-clenove.json
2022,vfz2022,07157029,clenove,https://zpravy.udhpsh.cz/export/vfz2022-mhs-clenove.json
2022,vfz2022,26598647,clenove,https://zpravy.udhpsh.cz/export/vfz2022-mestolidem-clenove.json
2022,vfz2022,03254747,clenove,https://zpravy.udhpsh.cz/export/vfz2022-modes-clenove.json
2022,vfz2022,44266740,clenove,https://zpravy.udhpsh.cz/export/vfz2022-korunaceska-clenove.json
2022,vfz2022,60556625,clenove,https://zpravy.udhpsh.cz/export/vfz2022-moravane-clenove.json
2022,vfz2022,17187087,clenove,https://zpravy.udhpsh.cz/export/vfz2022-mourelib-clenove.json
2022,vfz2022,17334799,clenove,https://zpravy.udhpsh.cz/export/vfz2022-petitgros-clenove.json
2022,vfz2022,07027761,clenove,https://zpravy.udhpsh.cz/export/vfz2022-mzh-clenove.json
2022,vfz2022,07286210,clenove,https://zpravy.udhpsh.cz/export/vfz2022-nn14-clenove.json
2022,vfz2022,07312946,clenove,https://zpravy.udhpsh.cz/export/vfz2022-naseobec-clenove.json
2022,vfz2022,71443452,clenove,https://zpravy.udhpsh.cz/export/vfz2022-nbplk-clenove.json
2022,vfz2022,69345473,clenove,https://zpravy.udhpsh.cz/export/vfz2022-nd-clenove.json
2022,vfz2022,17333709,clenove,https://zpravy.udhpsh.cz/export/vfz2022-lemeilleur-clenove.json
2022,vfz2022,09340718,clenove,https://zpravy.udhpsh.cz/export/vfz2022-nezkan-clenove.json
2022,vfz2022,11677309,clenove,https://zpravy.udhpsh.cz/export/vfz2022-nevoterpas-clenove.json
2022,vfz2022,60458399,clenove,https://zpravy.udhpsh.cz/export/vfz2022-nez-clenove.json
2022,vfz2022,71339779,clenove,https://zpravy.udhpsh.cz/export/vfz2022-novyimpuls-clenove.json
2022,vfz2022,27034500,clenove,https://zpravy.udhpsh.cz/export/vfz2022-nestranici-clenove.json
2022,vfz2022,71443649,clenove,https://zpravy.udhpsh.cz/export/vfz2022-nmfm-clenove.json
2022,vfz2022,27053024,clenove,https://zpravy.udhpsh.cz/export/vfz2022-nespokojeni-clenove.json
2022,vfz2022,03219208,clenove,https://zpravy.udhpsh.cz/export/vfz2022-jsns-clenove.json
2022,vfz2022,71443584,clenove,https://zpravy.udhpsh.cz/export/vfz2022-novysmer-clenove.json
2022,vfz2022,03174697,clenove,https://zpravy.udhpsh.cz/export/vfz2022-npp10-clenove.json
2022,vfz2022,03016242,clenove,https://zpravy.udhpsh.cz/export/vfz2022-novysever-clenove.json
2022,vfz2022,26668980,clenove,https://zpravy.udhpsh.cz/export/vfz2022-nezavislavolba-clenove.json
2022,vfz2022,17133742,clenove,https://zpravy.udhpsh.cz/export/vfz2022-motrebospol-clenove.json
2022,vfz2022,16192656,clenove,https://zpravy.udhpsh.cz/export/vfz2022-ods-clenove.json
2022,vfz2022,14212129,clenove,https://zpravy.udhpsh.cz/export/vfz2022-forbes-clenove.json
2022,vfz2022,06860176,clenove,https://zpravy.udhpsh.cz/export/vfz2022-omco-clenove.json
2022,vfz2022,03099598,clenove,https://zpravy.udhpsh.cz/export/vfz2022-opat-clenove.json
2022,vfz2022,71443517,clenove,https://zpravy.udhpsh.cz/export/vfz2022-sounalezitost-clenove.json
2022,vfz2022,03221083,clenove,https://zpravy.udhpsh.cz/export/vfz2022-osn-clenove.json
2022,vfz2022,71443215,clenove,https://zpravy.udhpsh.cz/export/vfz2022-ostravak-clenove.json
2022,vfz2022,09363149,clenove,https://zpravy.udhpsh.cz/export/vfz2022-ovapro-clenove.json
2022,vfz2022,17239800,clenove,https://zpravy.udhpsh.cz/export/vfz2022-napatri-clenove.json
2022,vfz2022,03080935,clenove,https://zpravy.udhpsh.cz/export/vfz2022-vitkovice-clenove.json
2022,vfz2022,71339698,clenove,https://zpravy.udhpsh.cz/export/vfz2022-pirati-clenove.json
2022,vfz2022,08960909,clenove,https://zpravy.udhpsh.cz/export/vfz2022-patolok-clenove.json
2022,vfz2022,14356813,clenove,https://zpravy.udhpsh.cz/export/vfz2022-prpardub-clenove.json
2022,vfz2022,71443550,clenove,https://zpravy.udhpsh.cz/export/vfz2022-ppl-clenove.json
2022,vfz2022,17085438,clenove,https://zpravy.udhpsh.cz/export/vfz2022-prarespod-clenove.json
2022,vfz2022,02885573,clenove,https://zpravy.udhpsh.cz/export/vfz2022-opl-clenove.json
2022,vfz2022,07283652,clenove,https://zpravy.udhpsh.cz/export/vfz2022-prokdynsko-clenove.json
2022,vfz2022,01870360,clenove,https://zpravy.udhpsh.cz/export/vfz2022-sccz-clenove.json
2022,vfz2022,03204669,clenove,https://zpravy.udhpsh.cz/export/vfz2022-prool-clenove.json
2022,vfz2022,10742409,clenove,https://zpravy.udhpsh.cz/export/vfz2022-prisaha-clenove.json
2022,vfz2022,27038131,clenove,https://zpravy.udhpsh.cz/export/vfz2022-semilaci-clenove.json
2022,vfz2022,03091805,clenove,https://zpravy.udhpsh.cz/export/vfz2022-pevecko-clenove.json
2022,vfz2022,03254763,clenove,https://zpravy.udhpsh.cz/export/vfz2022-prozmenu-clenove.json
2022,vfz2022,17254353,clenove,https://zpravy.udhpsh.cz/export/vfz2022-hraderoz-clenove.json
2022,vfz2022,71443380,clenove,https://zpravy.udhpsh.cz/export/vfz2022-s2012-clenove.json
2022,vfz2022,26595940,clenove,https://zpravy.udhpsh.cz/export/vfz2022-sdsn-clenove.json
2022,vfz2022,27026922,clenove,https://zpravy.udhpsh.cz/export/vfz2022-sedma-clenove.json
2022,vfz2022,06695205,clenove,https://zpravy.udhpsh.cz/export/vfz2022-sen21-clenove.json
2022,vfz2022,09607684,clenove,https://zpravy.udhpsh.cz/export/vfz2022-senio-clenove.json
2022,vfz2022,71443347,clenove,https://zpravy.udhpsh.cz/export/vfz2022-rnvu-clenove.json
2022,vfz2022,17313155,clenove,https://zpravy.udhpsh.cz/export/vfz2022-kaneslav-clenove.json
2022,vfz2022,71339485,clenove,https://zpravy.udhpsh.cz/export/vfz2022-slk-clenove.json
2022,vfz2022,10997113,clenove,https://zpravy.udhpsh.cz/export/vfz2022-triko-clenove.json
2022,vfz2022,07218443,clenove,https://zpravy.udhpsh.cz/export/vfz2022-sms-clenove.json
2022,vfz2022,71339990,clenove,https://zpravy.udhpsh.cz/export/vfz2022-hnvrs-clenove.json
2022,vfz2022,70869553,clenove,https://zpravy.udhpsh.cz/export/vfz2022-snked-clenove.json
2022,vfz2022,05081068,clenove,https://zpravy.udhpsh.cz/export/vfz2022-snk1-clenove.json
2022,vfz2022,00409171,clenove,https://zpravy.udhpsh.cz/export/vfz2022-cssd-clenove.json
2022,vfz2022,03116603,clenove,https://zpravy.udhpsh.cz/export/vfz2022-sol-clenove.json
2022,vfz2022,71339655,clenove,https://zpravy.udhpsh.cz/export/vfz2022-soukromnici-clenove.json
2022,vfz2022,03217116,clenove,https://zpravy.udhpsh.cz/export/vfz2022-spdv-clenove.json
2022,vfz2022,07118317,clenove,https://zpravy.udhpsh.cz/export/vfz2022-spol-clenove.json
2022,vfz2022,03221199,clenove,https://zpravy.udhpsh.cz/export/vfz2022-spolehnuti-clenove.json
2022,vfz2022,71339752,clenove,https://zpravy.udhpsh.cz/export/vfz2022-spo-clenove.json
2022,vfz2022,71339922,clenove,https://zpravy.udhpsh.cz/export/vfz2022-sprrrscms-clenove.json
2022,vfz2022,17335191,clenove,https://zpravy.udhpsh.cz/export/vfz2022-labonnefacon-clenove.json
2022,vfz2022,17084997,clenove,https://zpravy.udhpsh.cz/export/vfz2022-spravozdrasp-clenove.json
2022,vfz2022,26673908,clenove,https://zpravy.udhpsh.cz/export/vfz2022-stan-clenove.json
2022,vfz2022,71443444,clenove,https://zpravy.udhpsh.cz/export/vfz2022-sto-clenove.json
2022,vfz2022,71340009,clenove,https://zpravy.udhpsh.cz/export/vfz2022-strakonicka-clenove.json
2022,vfz2022,71339612,clenove,https://zpravy.udhpsh.cz/export/vfz2022-svobodni-clenove.json
2022,vfz2022,17212596,clenove,https://zpravy.udhpsh.cz/export/vfz2022-jizdras-clenove.json
2022,vfz2022,03251501,clenove,https://zpravy.udhpsh.cz/export/vfz2022-duchcov-clenove.json
2022,vfz2022,71443177,clenove,https://zpravy.udhpsh.cz/export/vfz2022-hradiste-clenove.json
2022,vfz2022,26582406,clenove,https://zpravy.udhpsh.cz/export/vfz2022-t2020-clenove.json
2022,vfz2022,03143848,clenove,https://zpravy.udhpsh.cz/export/vfz2022-tnt-clenove.json
2022,vfz2022,71339728,clenove,https://zpravy.udhpsh.cz/export/vfz2022-top09-clenove.json
2022,vfz2022,02749947,clenove,https://zpravy.udhpsh.cz/export/vfz2022-toryove-clenove.json
2022,vfz2022,08288909,clenove,https://zpravy.udhpsh.cz/export/vfz2022-trikolora-clenove.json
2022,vfz2022,07986858,clenove,https://zpravy.udhpsh.cz/export/vfz2022-tujka-clenove.json
2022,vfz2022,02790840,clenove,https://zpravy.udhpsh.cz/export/vfz2022-ufo-clenove.json
2022,vfz2022,68954263,clenove,https://zpravy.udhpsh.cz/export/vfz2022-usz-clenove.json
2022,vfz2022,07195389,clenove,https://zpravy.udhpsh.cz/export/vfz2022-bsen-clenove.json
2022,vfz2022,71443355,clenove,https://zpravy.udhpsh.cz/export/vfz2022-vychodocesi-clenove.json
2022,vfz2022,71339892,clenove,https://zpravy.udhpsh.cz/export/vfz2022-volimorlovou-clenove.json
2022,vfz2022,04616421,clenove,https://zpravy.udhpsh.cz/export/vfz2022-vok-clenove.json
2022,vfz2022,71339817,clenove,https://zpravy.udhpsh.cz/export/vfz2022-vpk-clenove.json
2022,vfz2022,68210396,clenove,https://zpravy.udhpsh.cz/export/vfz2022-vpm-clenove.json
2022,vfz2022,27040097,clenove,https://zpravy.udhpsh.cz/export/vfz2022-vpmb-clenove.json
2022,vfz2022,07324758,clenove,https://zpravy.udhpsh.cz/export/vfz2022-vinohrady-clenove.json
2022,vfz2022,04997808,clenove,https://zpravy.udhpsh.cz/export/vfz2022-vaseusti-clenove.json
2022,vfz2022,03247686,clenove,https://zpravy.udhpsh.cz/export/vfz2022-vvd-clenove.json
2022,vfz2022,08773297,clenove,https://zpravy.udhpsh.cz/export/vfz2022-z2020-clenove.json
2022,vfz2022,00409740,clenove,https://zpravy.udhpsh.cz/export/vfz2022-zeleni-clenove.json
2022,vfz2022,68684011,clenove,https://zpravy.udhpsh.cz/export/vfz2022-zhn-clenove.json
2022,vfz2022,07156871,clenove,https://zpravy.udhpsh.cz/export/vfz2022-zls-clenove.json
2022,vfz2022,71443363,clenove,https://zpravy.udhpsh.cz/export/vfz2022-zmena-clenove.json
2022,vfz2022,17263581,clenove,https://zpravy.udhpsh.cz/export/vfz2022-mestnaza-clenove.json
2022,vfz2022,17213754,clenove,https://zpravy.udhpsh.cz/export/vfz2022-prahzmepr12-clenove.json
2022,vfz2022,71443401,clenove,https://zpravy.udhpsh.cz/export/vfz2022-zvuk12-clenove.json
2022,vfz2022,71339850,clenove,https://zpravy.udhpsh.cz/export/vfz2022-zenybrod-clenove.json
2022,vfz2022,07202059,clenove,https://zpravy.udhpsh.cz/export/vfz2022-zp5-clenove.json
2022,vfz2022,03136922,clenove,https://zpravy.udhpsh.cz/export/vfz2022-zitbrno-clenove.json
2023,vfz2023,17262984,clenove,https://zpravy.udhpsh.cz/export/vfz2023-livin8ght-clenove.json
2023,vfz2023,05402450,clenove,https://zpravy.udhpsh.cz/export/vfz2023-oda-clenove.json
2023,vfz2023,14369664,clenove,https://zpravy.udhpsh.cz/export/vfz2023-dolebud-clenove.json
2023,vfz2023,04627695,clenove,https://zpravy.udhpsh.cz/export/vfz2023-agrarni-clenove.json
2023,vfz2023,71443339,clenove,https://zpravy.udhpsh.cz/export/vfz2023-ano-clenove.json
2023,vfz2023,71443274,clenove,https://zpravy.udhpsh.cz/export/vfz2023-aliancens-clenove.json
2023,vfz2023,07289731,clenove,https://zpravy.udhpsh.cz/export/vfz2023-apv-clenove.json
2023,vfz2023,05989175,clenove,https://zpravy.udhpsh.cz/export/vfz2023-referendumeu-clenove.json
2023,vfz2023,14179792,clenove,https://zpravy.udhpsh.cz/export/vfz2023-bezeme-clenove.json
2023,vfz2023,26587840,clenove,https://zpravy.udhpsh.cz/export/vfz2023-balbinova-clenove.json
2023,vfz2023,05103487,clenove,https://zpravy.udhpsh.cz/export/vfz2023-sas-clenove.json
2023,vfz2023,09182004,clenove,https://zpravy.udhpsh.cz/export/vfz2023-budou-clenove.json
2023,vfz2023,14334887,clenove,https://zpravy.udhpsh.cz/export/vfz2023-buprobany-clenove.json
2023,vfz2023,05754577,clenove,https://zpravy.udhpsh.cz/export/vfz2023-cesta-clenove.json
2023,vfz2023,03094553,clenove,https://zpravy.udhpsh.cz/export/vfz2023-cunl-clenove.json
2023,vfz2023,00442721,clenove,https://zpravy.udhpsh.cz/export/vfz2023-csns-clenove.json
2023,vfz2023,71443207,clenove,https://zpravy.udhpsh.cz/export/vfz2023-csr-clenove.json
2023,vfz2023,71443240,clenove,https://zpravy.udhpsh.cz/export/vfz2023-suverenita-clenove.json
2023,vfz2023,07972733,clenove,https://zpravy.udhpsh.cz/export/vfz2023-institut-clenove.json
2023,vfz2023,09977023,clenove,https://zpravy.udhpsh.cz/export/vfz2023-hnutidost-clenove.json
2023,vfz2023,71443142,clenove,https://zpravy.udhpsh.cz/export/vfz2023-dpd-clenove.json
2023,vfz2023,04997841,clenove,https://zpravy.udhpsh.cz/export/vfz2023-dv2016-clenove.json
2023,vfz2023,10954899,clenove,https://zpravy.udhpsh.cz/export/vfz2023-fabr-clenove.json
2023,vfz2023,03204723,clenove,https://zpravy.udhpsh.cz/export/vfz2023-hdk-clenove.json
2023,vfz2023,02674831,clenove,https://zpravy.udhpsh.cz/export/vfz2023-hdp-clenove.json
2023,vfz2023,17280583,clenove,https://zpravy.udhpsh.cz/export/vfz2023-bryophyta-clenove.json
2023,vfz2023,07921331,clenove,https://zpravy.udhpsh.cz/export/vfz2023-hlas-clenove.json
2023,vfz2023,19946368,clenove,https://zpravy.udhpsh.cz/export/vfz2023-pahyhord-clenove.json
2023,vfz2023,71443185,clenove,https://zpravy.udhpsh.cz/export/vfz2023-hopb-clenove.json
2023,vfz2023,68321457,clenove,https://zpravy.udhpsh.cz/export/vfz2023-hph-clenove.json
2023,vfz2023,03174531,clenove,https://zpravy.udhpsh.cz/export/vfz2023-hpk-clenove.json
2023,vfz2023,27039145,clenove,https://zpravy.udhpsh.cz/export/vfz2023-hpp11-clenove.json
2023,vfz2023,17331722,clenove,https://zpravy.udhpsh.cz/export/vfz2023-anuras-clenove.json
2023,vfz2023,09233229,clenove,https://zpravy.udhpsh.cz/export/vfz2023-hnide-clenove.json
2023,vfz2023,14290910,clenove,https://zpravy.udhpsh.cz/export/vfz2023-jistabud-clenove.json
2023,vfz2023,21005826,clenove,https://zpravy.udhpsh.cz/export/vfz2023-nezasnysig-clenove.json
2023,vfz2023,71443312,clenove,https://zpravy.udhpsh.cz/export/vfz2023-ji12-clenove.json
2023,vfz2023,02733552,clenove,https://zpravy.udhpsh.cz/export/vfz2023-jmnd-clenove.json
2023,vfz2023,04889321,clenove,https://zpravy.udhpsh.cz/export/vfz2023-jsmepro-clenove.json
2023,vfz2023,71339965,clenove,https://zpravy.udhpsh.cz/export/vfz2023-jundrovaci-clenove.json
2023,vfz2023,00442704,clenove,https://zpravy.udhpsh.cz/export/vfz2023-kducsl-clenove.json
2023,vfz2023,17095107,clenove,https://zpravy.udhpsh.cz/export/vfz2023-kraskovnice-clenove.json
2023,vfz2023,07196989,clenove,https://zpravy.udhpsh.cz/export/vfz2023-km-clenove.json
2023,vfz2023,27034321,clenove,https://zpravy.udhpsh.cz/export/vfz2023-koa-clenove.json
2023,vfz2023,15271960,clenove,https://zpravy.udhpsh.cz/export/vfz2023-kons-clenove.json
2023,vfz2023,71339973,clenove,https://zpravy.udhpsh.cz/export/vfz2023-kpp-clenove.json
2023,vfz2023,00496936,clenove,https://zpravy.udhpsh.cz/export/vfz2023-kscm-clenove.json
2023,vfz2023,03152952,clenove,https://zpravy.udhpsh.cz/export/vfz2023-karlovaraci-clenove.json
2023,vfz2023,71339582,clenove,https://zpravy.udhpsh.cz/export/vfz2023-lap-clenove.json
2023,vfz2023,01963384,clenove,https://zpravy.udhpsh.cz/export/vfz2023-leco-clenove.json
2023,vfz2023,71443606,clenove,https://zpravy.udhpsh.cz/export/vfz2023-les-clenove.json
2023,vfz2023,49628089,clenove,https://zpravy.udhpsh.cz/export/vfz2023-sds-clenove.json
2023,vfz2023,07157029,clenove,https://zpravy.udhpsh.cz/export/vfz2023-mhs-clenove.json
2023,vfz2023,68455941,clenove,https://zpravy.udhpsh.cz/export/vfz2023-hnhrm-clenove.json
2023,vfz2023,03254747,clenove,https://zpravy.udhpsh.cz/export/vfz2023-modes-clenove.json
2023,vfz2023,60556625,clenove,https://zpravy.udhpsh.cz/export/vfz2023-moravane-clenove.json
2023,vfz2023,17187087,clenove,https://zpravy.udhpsh.cz/export/vfz2023-mourelib-clenove.json
2023,vfz2023,17334799,clenove,https://zpravy.udhpsh.cz/export/vfz2023-petitgros-clenove.json
2023,vfz2023,07027761,clenove,https://zpravy.udhpsh.cz/export/vfz2023-mzh-clenove.json
2023,vfz2023,07286210,clenove,https://zpravy.udhpsh.cz/export/vfz2023-nn14-clenove.json
2023,vfz2023,07312946,clenove,https://zpravy.udhpsh.cz/export/vfz2023-naseobec-clenove.json
2023,vfz2023,69345473,clenove,https://zpravy.udhpsh.cz/export/vfz2023-nd-clenove.json
2023,vfz2023,17333709,clenove,https://zpravy.udhpsh.cz/export/vfz2023-lemeilleur-clenove.json
2023,vfz2023,09340718,clenove,https://zpravy.udhpsh.cz/export/vfz2023-nezkan-clenove.json
2023,vfz2023,11677309,clenove,https://zpravy.udhpsh.cz/export/vfz2023-nevoterpas-clenove.json
2023,vfz2023,60458399,clenove,https://zpravy.udhpsh.cz/export/vfz2023-nez-clenove.json
2023,vfz2023,71339779,clenove,https://zpravy.udhpsh.cz/export/vfz2023-novyimpuls-clenove.json
2023,vfz2023,27034500,clenove,https://zpravy.udhpsh.cz/export/vfz2023-nestranici-clenove.json
2023,vfz2023,71443649,clenove,https://zpravy.udhpsh.cz/export/vfz2023-nmfm-clenove.json
2023,vfz2023,03219208,clenove,https://zpravy.udhpsh.cz/export/vfz2023-jsns-clenove.json
2023,vfz2023,71443584,clenove,https://zpravy.udhpsh.cz/export/vfz2023-novysmer-clenove.json
2023,vfz2023,03174697,clenove,https://zpravy.udhpsh.cz/export/vfz2023-npp10-clenove.json
2023,vfz2023,03016242,clenove,https://zpravy.udhpsh.cz/export/vfz2023-novysever-clenove.json
2023,vfz2023,26668980,clenove,https://zpravy.udhpsh.cz/export/vfz2023-nezavislavolba-clenove.json
2023,vfz2023,16192656,clenove,https://zpravy.udhpsh.cz/export/vfz2023-ods-clenove.json
2023,vfz2023,14212129,clenove,https://zpravy.udhpsh.cz/export/vfz2023-forbes-clenove.json
2023,vfz2023,06860176,clenove,https://zpravy.udhpsh.cz/export/vfz2023-omco-clenove.json
2023,vfz2023,03099598,clenove,https://zpravy.udhpsh.cz/export/vfz2023-opat-clenove.json
2023,vfz2023,71443517,clenove,https://zpravy.udhpsh.cz/export/vfz2023-sounalezitost-clenove.json
2023,vfz2023,03221083,clenove,https://zpravy.udhpsh.cz/export/vfz2023-osn-clenove.json
2023,vfz2023,71443215,clenove,https://zpravy.udhpsh.cz/export/vfz2023-ostravak-clenove.json
2023,vfz2023,09363149,clenove,https://zpravy.udhpsh.cz/export/vfz2023-ovapro-clenove.json
2023,vfz2023,17239800,clenove,https://zpravy.udhpsh.cz/export/vfz2023-napatri-clenove.json
2023,vfz2023,71443681,clenove,https://zpravy.udhpsh.cz/export/vfz2023-patrioticr-clenove.json
2023,vfz2023,71339698,clenove,https://zpravy.udhpsh.cz/export/vfz2023-pirati-clenove.json
2023,vfz2023,03170624,clenove,https://zpravy.udhpsh.cz/export/vfz2023-podpora-clenove.json
2023,vfz2023,08960909,clenove,https://zpravy.udhpsh.cz/export/vfz2023-patolok-clenove.json
2023,vfz2023,14356813,clenove,https://zpravy.udhpsh.cz/export/vfz2023-prpardub-clenove.json
2023,vfz2023,71443550,clenove,https://zpravy.udhpsh.cz/export/vfz2023-ppl-clenove.json
2023,vfz2023,17085438,clenove,https://zpravy.udhpsh.cz/export/vfz2023-prarespod-clenove.json
2023,vfz2023,02885573,clenove,https://zpravy.udhpsh.cz/export/vfz2023-opl-clenove.json
2023,vfz2023,07283652,clenove,https://zpravy.udhpsh.cz/export/vfz2023-prokdynsko-clenove.json
2023,vfz2023,01870360,clenove,https://zpravy.udhpsh.cz/export/vfz2023-sccz-clenove.json
2023,vfz2023,03204669,clenove,https://zpravy.udhpsh.cz/export/vfz2023-prool-clenove.json
2023,vfz2023,10742409,clenove,https://zpravy.udhpsh.cz/export/vfz2023-prisaha-clenove.json
2023,vfz2023,27038131,clenove,https://zpravy.udhpsh.cz/export/vfz2023-semilaci-clenove.json
2023,vfz2023,03091805,clenove,https://zpravy.udhpsh.cz/export/vfz2023-pevecko-clenove.json
2023,vfz2023,03254763,clenove,https://zpravy.udhpsh.cz/export/vfz2023-prozmenu-clenove.json
2023,vfz2023,19882653,clenove,https://zpravy.udhpsh.cz/export/vfz2023-dumferenre-clenove.json
2023,vfz2023,17254353,clenove,https://zpravy.udhpsh.cz/export/vfz2023-hraderoz-clenove.json
2023,vfz2023,71443380,clenove,https://zpravy.udhpsh.cz/export/vfz2023-s2012-clenove.json
2023,vfz2023,26595940,clenove,https://zpravy.udhpsh.cz/export/vfz2023-sdsn-clenove.json
2023,vfz2023,27026922,clenove,https://zpravy.udhpsh.cz/export/vfz2023-sedma-clenove.json
2023,vfz2023,06695205,clenove,https://zpravy.udhpsh.cz/export/vfz2023-sen21-clenove.json
2023,vfz2023,09607684,clenove,https://zpravy.udhpsh.cz/export/vfz2023-senio-clenove.json
2023,vfz2023,71443347,clenove,https://zpravy.udhpsh.cz/export/vfz2023-rnvu-clenove.json
2023,vfz2023,17313155,clenove,https://zpravy.udhpsh.cz/export/vfz2023-kaneslav-clenove.json
2023,vfz2023,71339485,clenove,https://zpravy.udhpsh.cz/export/vfz2023-slk-clenove.json
2023,vfz2023,10997113,clenove,https://zpravy.udhpsh.cz/export/vfz2023-triko-clenove.json
2023,vfz2023,07218443,clenove,https://zpravy.udhpsh.cz/export/vfz2023-sms-clenove.json
2023,vfz2023,71339990,clenove,https://zpravy.udhpsh.cz/export/vfz2023-hnvrs-clenove.json
2023,vfz2023,70869553,clenove,https://zpravy.udhpsh.cz/export/vfz2023-snked-clenove.json
2023,vfz2023,05081068,clenove,https://zpravy.udhpsh.cz/export/vfz2023-snk1-clenove.json
2023,vfz2023,00409171,clenove,https://zpravy.udhpsh.cz/export/vfz2023-cssd-clenove.json
2023,vfz2023,03116603,clenove,https://zpravy.udhpsh.cz/export/vfz2023-sol-clenove.json
2023,vfz2023,71339655,clenove,https://zpravy.udhpsh.cz/export/vfz2023-soukromnici-clenove.json
2023,vfz2023,03217116,clenove,https://zpravy.udhpsh.cz/export/vfz2023-spdv-clenove.json
2023,vfz2023,07118317,clenove,https://zpravy.udhpsh.cz/export/vfz2023-spol-clenove.json
2023,vfz2023,03221199,clenove,https://zpravy.udhpsh.cz/export/vfz2023-spolehnuti-clenove.json
2023,vfz2023,71339922,clenove,https://zpravy.udhpsh.cz/export/vfz2023-sprrrscms-clenove.json
2023,vfz2023,17335191,clenove,https://zpravy.udhpsh.cz/export/vfz2023-labonnefacon-clenove.json
2023,vfz2023,08431345,clenove,https://zpravy.udhpsh.cz/export/vfz2023-sprok-clenove.json
2023,vfz2023,17084997,clenove,https://zpravy.udhpsh.cz/export/vfz2023-spravozdrasp-clenove.json
2023,vfz2023,26673908,clenove,https://zpravy.udhpsh.cz/export/vfz2023-stan-clenove.json
2023,vfz2023,71443444,clenove,https://zpravy.udhpsh.cz/export/vfz2023-sto-clenove.json
2023,vfz2023,71340009,clenove,https://zpravy.udhpsh.cz/export/vfz2023-strakonicka-clenove.json
2023,vfz2023,71339612,clenove,https://zpravy.udhpsh.cz/export/vfz2023-svobodni-clenove.json
2023,vfz2023,17212596,clenove,https://zpravy.udhpsh.cz/export/vfz2023-jizdras-clenove.json
2023,vfz2023,03251501,clenove,https://zpravy.udhpsh.cz/export/vfz2023-duchcov-clenove.json
2023,vfz2023,71443177,clenove,https://zpravy.udhpsh.cz/export/vfz2023-hradiste-clenove.json
2023,vfz2023,26582406,clenove,https://zpravy.udhpsh.cz/export/vfz2023-t2020-clenove.json
2023,vfz2023,03143848,clenove,https://zpravy.udhpsh.cz/export/vfz2023-tnt-clenove.json
2023,vfz2023,71339728,clenove,https://zpravy.udhpsh.cz/export/vfz2023-top09-clenove.json
2023,vfz2023,02749947,clenove,https://zpravy.udhpsh.cz/export/vfz2023-toryove-clenove.json
2023,vfz2023,08288909,clenove,https://zpravy.udhpsh.cz/export/vfz2023-trikolora-clenove.json
2023,vfz2023,02790840,clenove,https://zpravy.udhpsh.cz/export/vfz2023-ufo-clenove.json
2023,vfz2023,68954263,clenove,https://zpravy.udhpsh.cz/export/vfz2023-usz-clenove.json
2023,vfz2023,07195389,clenove,https://zpravy.udhpsh.cz/export/vfz2023-bsen-clenove.json
2023,vfz2023,71443355,clenove,https://zpravy.udhpsh.cz/export/vfz2023-vychodocesi-clenove.json
2023,vfz2023,17290775,clenove,https://zpravy.udhpsh.cz/export/vfz2023-ujeikratr-clenove.json
2023,vfz2023,71339892,clenove,https://zpravy.udhpsh.cz/export/vfz2023-volimorlovou-clenove.json
2023,vfz2023,04616421,clenove,https://zpravy.udhpsh.cz/export/vfz2023-vok-clenove.json
2023,vfz2023,64933911,clenove,https://zpravy.udhpsh.cz/export/vfz2023-cibulka-clenove.json
2023,vfz2023,71339817,clenove,https://zpravy.udhpsh.cz/export/vfz2023-vpk-clenove.json
2023,vfz2023,68210396,clenove,https://zpravy.udhpsh.cz/export/vfz2023-vpm-clenove.json
2023,vfz2023,27040097,clenove,https://zpravy.udhpsh.cz/export/vfz2023-vpmb-clenove.json
2023,vfz2023,07324758,clenove,https://zpravy.udhpsh.cz/export/vfz2023-vinohrady-clenove.json
2023,vfz2023,04997808,clenove,https://zpravy.udhpsh.cz/export/vfz2023-vaseusti-clenove.json
2023,vfz2023,03247686,clenove,https://zpravy.udhpsh.cz/export/vfz2023-vvd-clenove.json
2023,vfz2023,08773297,clenove,https://zpravy.udhpsh.cz/export/vfz2023-z2020-clenove.json
2023,vfz2023,71340084,clenove,https://zpravy.udhpsh.cz/export/vfz2023-prokraj-clenove.json
2023,vfz2023,00409740,clenove,https://zpravy.udhpsh.cz/export/vfz2023-zeleni-clenove.json
2023,vfz2023,68684011,clenove,https://zpravy.udhpsh.cz/export/vfz2023-zhn-clenove.json
2023,vfz2023,07156871,clenove,https://zpravy.udhpsh.cz/export/vfz2023-zls-clenove.json
2023,vfz2023,17263581,clenove,https://zpravy.udhpsh.cz/export/vfz2023-mestnaza-clenove.json
2023,vfz2023,17213754,clenove,https://zpravy.udhpsh.cz/export/vfz2023-prahzmepr12-clenove.json
2023,vfz2023,71443401,clenove,https://zpravy.udhpsh.cz/export/vfz2023-zvuk12-clenove.json
2023,vfz2023,71339850,clenove,https://zpravy.udhpsh.cz/export/vfz2023-zenybrod-clenove.json
2023,vfz2023,03136922,clenove,https://zpravy.udhpsh.cz/export/vfz2023-zitbrno-clenove.json
